domain_length,domain_label_count,has_ip_in_domain,has_hyphen,digit_ratio,tld_is_risky,domain_entropy,domain_risk_keyword_count,subdomain_count,high_risk_subdomain_count,high_risk_subdomain_ratio,max_subdomain_depth,a_record_count,mx_record_count,ns_record_count,txt_record_count,has_spf,has_dmarc,has_mx,ns_provider_diversity,domain_age_days,days_to_expiry,registrar_is_known,whois_email_count,endpoint_count,pct_200,pct_404,pct_error,avg_content_length,has_https,has_hsts,has_csp,has_xframe_options,has_xcontent_type,tech_count,email_count,email_domain_mismatch_count,social_profile_count,label,source,domain
15.0,5.0,1.0,1.0,0.1461592580192412,0.0,2.5342851952048546,3.0,1.0,0.0,0.734439075567209,2.0,1.0,0.0,1.0,2.0,0.0,0.0,0.0,2.0,19.0,221.0,0.0,1.0,5.0,0.22160394709644102,0.5486181580493497,0.08999239210197692,660.0,0.0,0.0,0.0,1.0,0.0,2.0,1.0,0.0,0.0,1,synthetic,synthetic_malicious_62
12.0,3.0,0.0,0.0,0.014366575449118202,0.0,2.9033203808264343,0.0,66.0,2.0,0.006203797227616187,1.0,1.0,4.0,4.0,6.0,1.0,1.0,1.0,3.0,9940.0,3580.0,1.0,1.0,41.0,0.6425025393144463,0.1707965985807326,0.0016082359382706525,219274.0,1.0,1.0,1.0,1.0,1.0,5.0,3.0,1.0,4.0,0,synthetic_benign,synthetic_benign_17
18.0,2.0,0.0,1.0,0.008625787608839237,0.0,2.2461267222996044,0.0,49.0,1.0,0.010740740999245924,3.0,3.0,4.0,2.0,13.0,1.0,1.0,1.0,2.0,875.0,730.0,1.0,4.0,27.0,0.6773083662526328,0.15647954637312267,0.0262410013694898,99208.0,1.0,1.0,1.0,1.0,1.0,1.0,0.0,0.0,13.0,0,synthetic_benign,synthetic_benign_26
24.0,3.0,0.0,0.0,0.24683508235541823,0.0,3.614573516398546,1.0,3.0,0.0,0.20399651648602923,1.0,3.0,0.0,2.0,1.0,1.0,0.0,1.0,2.0,95.0,339.0,0.0,0.0,2.0,0.5023253089252726,0.49379184441382146,0.20143515667062356,1777.0,0.0,0.0,0.0,0.0,1.0,0.0,2.0,0.0,3.0,1,synthetic,synthetic_malicious_59
11.0,3.0,0.0,1.0,0.020763499591548048,0.0,2.069606836622765,0.0,57.0,3.0,0.04198375955146052,1.0,2.0,8.0,8.0,12.0,1.0,1.0,1.0,4.0,7741.0,540.0,1.0,4.0,12.0,0.8378275820312044,0.13448889125297633,0.04427835806519815,55043.0,1.0,1.0,1.0,1.0,1.0,3.0,4.0,1.0,3.0,0,synthetic_benign,synthetic_benign_111
25.0,2.0,0.0,0.0,0.3269832231187616,1.0,3.0737587946265363,3.0,1.0,2.0,0.375288101724395,2.0,1.0,0.0,1.0,1.0,0.0,0.0,0.0,2.0,27.0,177.0,0.0,0.0,1.0,0.21921975172991134,0.5194758660864052,0.18684317050229074,514.0,1.0,0.0,0.0,1.0,0.0,0.0,2.0,0.0,2.0,1,synthetic,synthetic_malicious_40
25.0,5.0,0.0,0.0,0.06019108363401122,1.0,3.16102966418602,2.0,3.0,1.0,0.6378035070631399,2.0,1.0,1.0,1.0,2.0,0.0,0.0,0.0,2.0,104.0,58.0,0.0,1.0,5.0,0.46248207717462486,0.35775142071834654,0.1607656427146161,1706.0,0.0,0.0,0.0,0.0,1.0,0.0,1.0,0.0,2.0,1,synthetic,synthetic_malicious_147
16.0,4.0,0.0,0.0,0.19634716016720682,0.0,4.304621654148395,2.0,2.0,0.0,0.6104971001109029,1.0,3.0,1.0,2.0,1.0,0.0,0.0,0.0,2.0,60.0,140.0,0.0,0.0,1.0,0.24067816918676418,0.4987593855050931,0.2528548940738887,3855.0,1.0,1.0,0.0,0.0,0.0,1.0,1.0,1.0,0.0,1,synthetic,synthetic_malicious_48
32.0,5.0,1.0,0.0,0.2934041860985241,1.0,3.353667163097038,1.0,0.0,1.0,0.09439404545513819,2.0,2.0,1.0,1.0,1.0,0.0,0.0,0.0,1.0,57.0,241.0,0.0,0.0,1.0,0.5366279047721134,0.3249612004035037,0.01706509681778774,464.0,1.0,0.0,1.0,0.0,0.0,0.0,1.0,0.0,3.0,1,synthetic,synthetic_malicious_294
15.0,3.0,0.0,1.0,0.022566997180948872,0.0,1.939565767933605,0.0,19.0,1.0,0.016737377911087408,3.0,3.0,7.0,2.0,6.0,1.0,1.0,1.0,4.0,2148.0,2629.0,1.0,4.0,28.0,0.5594383938946027,0.13182329593138878,0.03700925868484186,494063.0,1.0,1.0,1.0,1.0,0.0,1.0,4.0,0.0,12.0,0,synthetic_benign,synthetic_benign_64
23.0,5.0,0.0,1.0,0.1204174597543021,1.0,4.127675481565735,1.0,0.0,2.0,0.019394443208668566,2.0,1.0,0.0,1.0,0.0,0.0,0.0,0.0,1.0,86.0,124.0,0.0,1.0,2.0,0.5162014544288619,0.4851850346758057,0.14211986102353844,2884.0,0.0,0.0,0.0,0.0,0.0,2.0,1.0,0.0,0.0,1,synthetic,synthetic_malicious_291
18.0,3.0,0.0,1.0,0.2610447051527049,0.0,4.022727940467533,3.0,3.0,1.0,0.4834972407189227,1.0,2.0,1.0,2.0,0.0,0.0,0.0,0.0,1.0,90.0,199.0,0.0,0.0,4.0,0.5352707553591887,0.40090417834080816,0.25062634770863623,1137.0,1.0,0.0,0.0,0.0,0.0,0.0,1.0,1.0,3.0,1,synthetic,synthetic_malicious_235
11.0,3.0,0.0,0.0,0.049455494851467184,0.0,2.9853582376723717,0.0,63.0,2.0,0.021375296552916707,2.0,1.0,4.0,7.0,13.0,1.0,1.0,1.0,2.0,4423.0,1123.0,1.0,4.0,24.0,0.8803436766534788,0.06124381758491318,0.02452883143537453,417655.0,1.0,1.0,1.0,1.0,1.0,2.0,4.0,0.0,11.0,0,synthetic_benign,synthetic_benign_63
27.0,3.0,0.0,1.0,0.18525184442042214,1.0,3.1576827253329007,3.0,2.0,0.0,0.13713892760463456,2.0,3.0,0.0,1.0,2.0,0.0,1.0,1.0,2.0,71.0,135.0,0.0,0.0,4.0,0.12872659030799663,0.4592658400947119,0.051547715053197884,3365.0,0.0,0.0,0.0,0.0,0.0,1.0,0.0,0.0,1.0,1,synthetic,synthetic_malicious_223
35.0,5.0,1.0,1.0,0.2507202789732939,1.0,3.7590808497763097,0.0,1.0,0.0,0.1330730930463054,0.0,3.0,1.0,3.0,2.0,0.0,0.0,0.0,2.0,20.0,140.0,0.0,1.0,4.0,0.18528339199484814,0.6151817873521404,0.18025161432336,4773.0,0.0,0.0,0.0,0.0,0.0,1.0,1.0,2.0,0.0,1,synthetic,synthetic_malicious_115
26.0,3.0,0.0,0.0,0.16587328781395583,1.0,4.400616552720304,3.0,0.0,0.0,0.5351507743955093,1.0,1.0,0.0,1.0,2.0,0.0,0.0,0.0,1.0,97.0,161.0,0.0,1.0,1.0,0.555667963314309,0.6110545321199831,0.11248741264859374,4167.0,0.0,1.0,0.0,0.0,0.0,0.0,0.0,2.0,0.0,1,synthetic,synthetic_malicious_108
7.0,3.0,0.0,0.0,0.013386250697286356,0.0,1.7401948541013086,0.0,86.0,3.0,0.02574949472683761,3.0,4.0,6.0,2.0,8.0,1.0,0.0,1.0,3.0,1282.0,2796.0,1.0,1.0,41.0,0.7839620752565428,0.13012559127586262,0.029978334707428164,291887.0,1.0,1.0,1.0,1.0,1.0,2.0,3.0,0.0,5.0,0,synthetic_benign,synthetic_benign_57
8.0,3.0,0.0,0.0,0.04657228879825443,0.0,2.052428633785506,0.0,30.0,0.0,0.03335343945380092,2.0,3.0,2.0,4.0,9.0,1.0,1.0,1.0,2.0,7250.0,140.0,1.0,1.0,30.0,0.817474420320444,0.17042869410590694,0.015334364297954635,42493.0,1.0,1.0,1.0,1.0,1.0,2.0,1.0,0.0,6.0,0,synthetic_benign,synthetic_benign_80
5.0,2.0,0.0,0.0,0.0005329793484424306,0.0,2.4120314718090095,0.0,91.0,2.0,0.012825948483832506,2.0,2.0,4.0,4.0,5.0,1.0,0.0,1.0,3.0,6372.0,2268.0,1.0,1.0,22.0,0.8379817965185503,0.1319354783456985,0.02681846743809681,149845.0,1.0,1.0,1.0,1.0,1.0,2.0,3.0,0.0,11.0,0,synthetic_benign,synthetic_benign_144
10.0,2.0,0.0,0.0,0.0,0.0,2.2516291673878226,0.0,6480.0,94.0,0.014506172839506172,6.0,1.0,0.0,2.0,0.0,0.0,0.0,0.0,1.0,8888.0,3165.0,0.0,0.0,1.0,0.0,1.0,0.0,1557.0,0.0,0.0,0.0,0.0,0.0,0.0,15.0,1.0,0.0,0,osint_scan,bharat.com
27.0,3.0,0.0,1.0,0.2945256649031533,1.0,4.271083636142904,1.0,2.0,2.0,0.4301900344603633,2.0,1.0,0.0,2.0,1.0,0.0,0.0,0.0,1.0,25.0,288.0,0.0,1.0,4.0,0.32546799169793394,0.3263833090937588,0.1518193715318333,3786.0,1.0,0.0,0.0,0.0,0.0,1.0,0.0,1.0,0.0,1,synthetic,synthetic_malicious_225
10.0,2.0,0.0,0.0,0.03606599825167817,0.0,1.8078234212319497,0.0,64.0,3.0,0.030404076700174733,2.0,4.0,2.0,3.0,11.0,1.0,1.0,1.0,3.0,8119.0,265.0,1.0,4.0,17.0,0.8902187541930753,0.08575830295176064,0.02240850681422374,36509.0,1.0,1.0,1.0,1.0,1.0,1.0,3.0,0.0,9.0,0,synthetic_benign,synthetic_benign_69
35.0,5.0,0.0,0.0,0.381737011830057,0.0,3.3338447037907217,1.0,1.0,2.0,0.10169918230035542,2.0,2.0,0.0,3.0,2.0,0.0,0.0,0.0,2.0,7.0,110.0,0.0,1.0,1.0,0.40080010686933176,0.40430992957329803,0.03625992842671117,4683.0,1.0,0.0,0.0,0.0,0.0,1.0,1.0,0.0,1.0,1,synthetic,synthetic_malicious_205
25.0,2.0,0.0,0.0,0.16372041390535563,0.0,3.968639119071936,1.0,1.0,0.0,0.6412463703372718,1.0,2.0,0.0,3.0,0.0,0.0,0.0,1.0,2.0,44.0,152.0,0.0,1.0,1.0,0.11025601793954456,0.3041113703062411,0.11655087049192013,3296.0,1.0,0.0,0.0,0.0,0.0,1.0,2.0,1.0,1.0,1,synthetic,synthetic_malicious_194
23.0,3.0,0.0,0.0,0.32734015202690864,1.0,4.083321394120737,2.0,0.0,0.0,0.1113840787436093,2.0,2.0,0.0,2.0,1.0,0.0,0.0,0.0,2.0,159.0,308.0,1.0,0.0,1.0,0.3723210502294395,0.2512830447835565,0.2659370604972915,3402.0,1.0,0.0,1.0,0.0,0.0,2.0,1.0,0.0,3.0,1,synthetic,synthetic_malicious_257
38.0,5.0,0.0,1.0,0.36448966969586805,0.0,2.507065797188287,2.0,0.0,1.0,0.39810208592063817,1.0,3.0,0.0,3.0,1.0,0.0,0.0,0.0,2.0,112.0,70.0,0.0,0.0,2.0,0.5410839324718029,0.33905646882864093,0.18859062766480886,1700.0,1.0,0.0,0.0,1.0,0.0,2.0,2.0,2.0,2.0,1,synthetic,synthetic_malicious_144
28.0,3.0,1.0,1.0,0.37658080368222896,0.0,2.5797897562224366,2.0,1.0,2.0,0.19962379137833955,0.0,2.0,1.0,3.0,2.0,0.0,0.0,0.0,1.0,104.0,42.0,0.0,1.0,4.0,0.5011175694685694,0.6320320141876397,0.2432247949723167,2185.0,1.0,0.0,0.0,1.0,0.0,0.0,1.0,1.0,2.0,1,synthetic,synthetic_malicious_9
45.0,5.0,0.0,0.0,0.22667235768854072,0.0,3.595743901221657,1.0,3.0,1.0,0.2073532387720155,0.0,3.0,1.0,3.0,1.0,0.0,0.0,1.0,2.0,59.0,169.0,0.0,0.0,2.0,0.1754153290065433,0.3915176462156691,0.0458415799731444,1752.0,1.0,0.0,0.0,0.0,0.0,1.0,1.0,2.0,0.0,1,synthetic,synthetic_malicious_13
9.0,2.0,0.0,0.0,0.009984618140942836,0.0,1.565774337471323,0.0,39.0,3.0,0.03496732001601241,2.0,1.0,5.0,7.0,8.0,1.0,1.0,1.0,2.0,528.0,3078.0,1.0,2.0,35.0,0.9366748581690214,0.0300654952020472,0.028474580373038946,242941.0,1.0,1.0,1.0,1.0,0.0,5.0,3.0,1.0,15.0,0,synthetic_benign,synthetic_benign_5
12.0,2.0,0.0,0.0,0.0,0.0,2.75,0.0,235.0,1.0,0.00425531914893617,2.0,2.0,1.0,4.0,17.0,1.0,0.0,1.0,4.0,4793.0,3242.0,1.0,2.0,4.0,0.25,0.0,0.0,1911.5,1.0,0.0,0.0,1.0,0.0,0.0,2.0,2.0,0.0,0,osint_scan,onlyfans.com
23.0,4.0,0.0,1.0,0.29872926116123183,1.0,4.472286618847563,2.0,3.0,2.0,0.7393286176946594,0.0,3.0,1.0,1.0,1.0,0.0,0.0,0.0,1.0,111.0,217.0,0.0,1.0,3.0,0.14174527407512402,0.40659711772927054,0.13502768187856842,349.0,0.0,0.0,0.0,0.0,0.0,0.0,0.0,0.0,2.0,1,synthetic,synthetic_malicious_265
19.0,3.0,0.0,0.0,0.15178070907741947,1.0,4.365869527379159,1.0,3.0,1.0,0.3192908821517635,0.0,2.0,1.0,3.0,1.0,0.0,0.0,0.0,1.0,173.0,132.0,0.0,1.0,5.0,0.19976158775784916,0.3524980481177491,0.0892002438753808,3777.0,0.0,0.0,0.0,0.0,0.0,1.0,2.0,1.0,2.0,1,synthetic,synthetic_malicious_285
9.0,3.0,0.0,0.0,0.03585468393327831,0.0,2.059295540785503,0.0,39.0,2.0,0.03568180276205076,1.0,3.0,2.0,7.0,7.0,1.0,1.0,1.0,4.0,6575.0,431.0,1.0,1.0,8.0,0.7764532849626953,0.1426074621746226,0.005371867192241198,450344.0,1.0,1.0,1.0,1.0,1.0,1.0,1.0,1.0,20.0,0,synthetic_benign,synthetic_benign_60
19.0,3.0,0.0,0.0,0.22690330690573463,1.0,3.869393341119973,3.0,3.0,1.0,0.13380278994244704,2.0,1.0,0.0,2.0,0.0,0.0,0.0,1.0,2.0,143.0,283.0,0.0,0.0,5.0,0.1571033256794844,0.5875565139319977,0.24698484239926996,3005.0,0.0,0.0,0.0,0.0,0.0,1.0,0.0,2.0,1.0,1,synthetic,synthetic_malicious_71
23.0,4.0,0.0,0.0,0.33350555852204705,1.0,3.323521809596382,2.0,1.0,2.0,0.46071556597867896,2.0,3.0,0.0,2.0,1.0,0.0,0.0,0.0,2.0,19.0,225.0,0.0,1.0,2.0,0.5341288252457065,0.520290326355834,0.278570000091318,3455.0,0.0,0.0,0.0,1.0,0.0,0.0,1.0,1.0,2.0,1,synthetic,synthetic_malicious_124
20.0,4.0,0.0,0.0,0.08343919504535227,1.0,3.644316149732446,2.0,2.0,2.0,0.07925292191845319,0.0,1.0,1.0,2.0,0.0,0.0,0.0,0.0,2.0,121.0,333.0,1.0,0.0,5.0,0.45661133064140114,0.5287814674018634,0.04280104274779706,4649.0,0.0,0.0,0.0,0.0,0.0,0.0,2.0,2.0,3.0,1,synthetic,synthetic_malicious_245
12.0,2.0,0.0,0.0,0.011199629485076114,0.0,2.6031456613552812,0.0,61.0,3.0,0.01731451880048838,3.0,3.0,8.0,2.0,11.0,1.0,1.0,1.0,3.0,5303.0,685.0,1.0,1.0,38.0,0.5971121726587676,0.08996064295858373,0.034840122117603324,140929.0,1.0,1.0,1.0,1.0,1.0,3.0,2.0,1.0,2.0,0,synthetic_benign,synthetic_benign_42
5.0,3.0,0.0,0.0,0.025654174781445344,0.0,1.924405968074704,0.0,93.0,1.0,0.027360645662561797,1.0,2.0,5.0,4.0,15.0,1.0,1.0,1.0,3.0,7024.0,1562.0,1.0,4.0,32.0,0.8701203464944143,0.10735687483102688,0.011054476680732228,264080.0,1.0,1.0,1.0,1.0,1.0,1.0,2.0,0.0,13.0,0,synthetic_benign,synthetic_benign_77
20.0,2.0,0.0,0.0,0.10496139157505516,1.0,3.3830358201558095,3.0,0.0,0.0,0.5176743767484242,1.0,1.0,0.0,1.0,1.0,0.0,0.0,1.0,2.0,86.0,176.0,0.0,0.0,3.0,0.28621817870139976,0.5774226062558911,0.10819302192950338,2010.0,1.0,0.0,0.0,0.0,0.0,1.0,1.0,1.0,2.0,1,synthetic,synthetic_malicious_201
18.0,2.0,0.0,0.0,0.009662428986679183,0.0,1.9187097548265688,0.0,53.0,2.0,0.004054704617952415,2.0,1.0,7.0,7.0,15.0,1.0,1.0,1.0,2.0,8146.0,479.0,1.0,3.0,39.0,0.7443906169921237,0.15683305916548454,0.027158755244374694,68968.0,1.0,1.0,1.0,1.0,1.0,2.0,5.0,0.0,18.0,0,synthetic_benign,synthetic_benign_66
38.0,3.0,0.0,1.0,0.23919321652645376,1.0,3.5678800935291326,3.0,0.0,0.0,0.27142808470758467,1.0,3.0,0.0,2.0,0.0,0.0,0.0,0.0,1.0,147.0,149.0,0.0,0.0,2.0,0.34444735666301673,0.2095315034360425,0.27215366345201225,375.0,1.0,0.0,1.0,0.0,0.0,0.0,1.0,2.0,1.0,1,synthetic,synthetic_malicious_162
37.0,3.0,0.0,0.0,0.38854746165392273,1.0,4.290104682381164,1.0,2.0,2.0,0.24871266316856167,0.0,2.0,0.0,1.0,0.0,1.0,0.0,1.0,1.0,62.0,134.0,1.0,0.0,5.0,0.32190793749210944,0.2278265808747874,0.036543424352833066,3314.0,0.0,0.0,0.0,0.0,0.0,2.0,2.0,1.0,0.0,1,synthetic,synthetic_malicious_287
39.0,3.0,0.0,0.0,0.06939449750622198,1.0,2.8060309336204012,1.0,1.0,1.0,0.7477902693112619,0.0,2.0,1.0,1.0,1.0,0.0,0.0,0.0,2.0,156.0,303.0,1.0,0.0,5.0,0.570803493934298,0.2770971334397816,0.1976198620151263,4957.0,1.0,0.0,1.0,0.0,1.0,2.0,2.0,1.0,1.0,1,synthetic,synthetic_malicious_46
41.0,3.0,1.0,0.0,0.18946309249767423,1.0,2.6388415093256397,2.0,2.0,2.0,0.4075245404224299,2.0,3.0,1.0,1.0,0.0,0.0,0.0,0.0,2.0,8.0,85.0,0.0,1.0,3.0,0.318196941935304,0.6921179246582949,0.034693735208799134,4723.0,1.0,1.0,0.0,0.0,0.0,2.0,2.0,2.0,1.0,1,synthetic,synthetic_malicious_10
21.0,4.0,0.0,1.0,0.20471433450279153,1.0,3.034112476545865,1.0,2.0,1.0,0.7046772938862444,1.0,1.0,0.0,3.0,2.0,0.0,0.0,0.0,1.0,140.0,238.0,1.0,0.0,4.0,0.5735303711796781,0.5238548443918793,0.046191337328498415,2390.0,0.0,0.0,0.0,0.0,0.0,2.0,0.0,1.0,1.0,1,synthetic,synthetic_malicious_22
14.0,3.0,0.0,1.0,0.022297154377790847,0.0,2.3471060993668944,0.0,46.0,1.0,0.024837627114925126,3.0,4.0,2.0,3.0,11.0,1.0,1.0,1.0,4.0,7152.0,1752.0,1.0,1.0,25.0,0.5857573398878881,0.01661429131383061,0.02831359511818158,262790.0,1.0,0.0,1.0,1.0,1.0,3.0,5.0,0.0,20.0,0,synthetic_benign,synthetic_benign_59
9.0,3.0,0.0,0.0,0.0025713122983414883,0.0,2.1386909099570053,0.0,39.0,3.0,0.016961150483355957,3.0,2.0,2.0,4.0,8.0,1.0,1.0,1.0,4.0,7817.0,3381.0,1.0,4.0,46.0,0.7780139508751951,0.028498995876003998,0.04193658877639516,206531.0,1.0,1.0,1.0,1.0,1.0,5.0,4.0,0.0,5.0,0,synthetic_benign,synthetic_benign_135
17.0,2.0,0.0,0.0,0.04957835729777285,0.0,1.699294700276114,0.0,21.0,1.0,0.004068573628973715,1.0,3.0,4.0,2.0,11.0,1.0,1.0,1.0,2.0,2859.0,1144.0,1.0,1.0,46.0,0.9259000498916361,0.1388447412716015,0.029822944389515316,292125.0,1.0,1.0,1.0,1.0,1.0,3.0,4.0,1.0,14.0,0,synthetic_benign,synthetic_benign_65
17.0,2.0,0.0,0.0,0.02203805624298917,0.0,2.2859284874727828,0.0,30.0,0.0,0.04884941476472165,3.0,2.0,5.0,7.0,8.0,1.0,1.0,1.0,3.0,436.0,1458.0,1.0,3.0,26.0,0.5520503830213821,0.11855425896517474,0.01637424070800565,110398.0,1.0,1.0,1.0,1.0,1.0,3.0,4.0,0.0,19.0,0,synthetic_benign,synthetic_benign_113
10.0,3.0,0.0,0.0,0.028427109839727033,0.0,2.383070435698869,0.0,11.0,2.0,0.0025747207880311485,1.0,1.0,2.0,4.0,4.0,1.0,0.0,1.0,3.0,4603.0,530.0,1.0,3.0,15.0,0.618321161877822,0.16986392398723385,0.016778632078862828,357305.0,1.0,1.0,1.0,1.0,0.0,5.0,0.0,1.0,16.0,0,synthetic_benign,synthetic_benign_119
30.0,2.0,0.0,1.0,0.3784295498600317,1.0,3.9105103721502217,2.0,1.0,1.0,0.5705070871276791,1.0,3.0,1.0,3.0,0.0,0.0,0.0,0.0,1.0,12.0,207.0,0.0,1.0,3.0,0.13922303841842312,0.6560246062916945,0.2524276054857784,4267.0,1.0,0.0,0.0,0.0,0.0,0.0,0.0,0.0,3.0,1,synthetic,synthetic_malicious_295
11.0,3.0,0.0,0.0,0.0455066384498268,0.0,1.681287423148877,0.0,56.0,3.0,0.03831530185590288,3.0,4.0,4.0,6.0,10.0,1.0,1.0,1.0,3.0,5919.0,1880.0,1.0,4.0,46.0,0.6212873061549865,0.03364828809601701,0.023616974289817644,19484.0,1.0,1.0,1.0,1.0,1.0,3.0,3.0,1.0,10.0,0,synthetic_benign,synthetic_benign_62
32.0,5.0,1.0,1.0,0.1370670601689047,1.0,2.857795783257834,3.0,0.0,2.0,0.46125092719771477,2.0,2.0,1.0,1.0,0.0,0.0,0.0,0.0,1.0,135.0,337.0,0.0,1.0,3.0,0.37504067119755957,0.6984251570874977,0.25345620447036515,3377.0,0.0,0.0,0.0,0.0,0.0,0.0,1.0,2.0,2.0,1,synthetic,synthetic_malicious_133
45.0,4.0,0.0,1.0,0.25227148143644923,1.0,3.813472605976304,1.0,0.0,1.0,0.6762987348810761,1.0,1.0,1.0,3.0,0.0,0.0,0.0,0.0,1.0,154.0,166.0,1.0,1.0,3.0,0.5607687605165863,0.37551171036849085,0.05442166746377059,1173.0,0.0,0.0,0.0,0.0,1.0,2.0,2.0,0.0,3.0,1,synthetic,synthetic_malicious_32
14.0,3.0,0.0,0.0,0.03169730490056341,0.0,2.9030047158914525,0.0,6.0,3.0,0.02874348027105006,3.0,3.0,3.0,3.0,6.0,1.0,0.0,1.0,4.0,3118.0,3284.0,1.0,3.0,29.0,0.7328903436717713,0.045465104642270826,0.0032333667708792538,286272.0,1.0,1.0,1.0,1.0,1.0,5.0,5.0,0.0,17.0,0,synthetic_benign,synthetic_benign_118
40.0,2.0,0.0,0.0,0.06879375118158776,1.0,4.1773493152263494,2.0,3.0,1.0,0.023700527156132092,1.0,2.0,1.0,1.0,1.0,0.0,0.0,1.0,2.0,20.0,346.0,0.0,0.0,1.0,0.14101900483657429,0.2771104819327592,0.213503146433585,1263.0,0.0,0.0,0.0,1.0,0.0,1.0,1.0,0.0,1.0,1,synthetic,synthetic_malicious_64
45.0,2.0,0.0,0.0,0.30116900751133563,1.0,2.6391623777863114,2.0,2.0,1.0,0.7855559395097056,0.0,2.0,0.0,2.0,0.0,0.0,0.0,0.0,1.0,160.0,296.0,0.0,1.0,4.0,0.5428914251955995,0.5503951972484976,0.26206390925718026,2569.0,0.0,1.0,0.0,0.0,0.0,2.0,1.0,1.0,1.0,1,synthetic,synthetic_malicious_202
9.0,3.0,0.0,0.0,0.04369036179222791,0.0,2.074433323711093,0.0,75.0,2.0,0.03626475408345595,3.0,4.0,2.0,4.0,7.0,1.0,0.0,1.0,3.0,2504.0,1615.0,1.0,4.0,33.0,0.727945003815837,0.16680616887521219,0.04965869209379381,93683.0,1.0,1.0,1.0,1.0,1.0,1.0,5.0,0.0,18.0,0,synthetic_benign,synthetic_benign_20
15.0,2.0,0.0,1.0,0.25925371302523564,0.0,3.260307028878359,2.0,1.0,2.0,0.6725473553557898,1.0,1.0,0.0,3.0,2.0,0.0,0.0,0.0,1.0,34.0,314.0,0.0,1.0,2.0,0.40522265473313723,0.6787085868494829,0.09549118254467459,2806.0,0.0,0.0,0.0,0.0,0.0,1.0,1.0,0.0,3.0,1,synthetic,synthetic_malicious_210
26.0,3.0,0.0,0.0,0.21972147981288448,0.0,4.224028856055297,2.0,0.0,0.0,0.47643527349198966,0.0,2.0,1.0,2.0,0.0,0.0,0.0,1.0,2.0,12.0,358.0,0.0,0.0,1.0,0.18380019837623432,0.3993724013724622,0.09041013898610972,4362.0,1.0,0.0,0.0,0.0,0.0,1.0,0.0,1.0,3.0,1,synthetic,synthetic_malicious_157
37.0,5.0,1.0,0.0,0.3294641145619231,1.0,3.051645948776846,3.0,1.0,1.0,0.5085081986064999,0.0,2.0,1.0,2.0,0.0,0.0,0.0,0.0,1.0,41.0,324.0,1.0,1.0,5.0,0.5647945034982657,0.6041734593896305,0.003208404694869349,3473.0,0.0,0.0,0.0,0.0,0.0,2.0,2.0,2.0,0.0,1,synthetic,synthetic_malicious_246
17.0,2.0,0.0,1.0,0.008666487844513477,0.0,2.7297422839965844,0.0,83.0,0.0,0.025369476028073126,3.0,1.0,4.0,5.0,5.0,1.0,1.0,1.0,2.0,4865.0,1799.0,1.0,4.0,33.0,0.7953694116075458,0.11064133588751729,0.03667239786051712,300103.0,1.0,1.0,1.0,1.0,1.0,5.0,3.0,0.0,11.0,0,synthetic_benign,synthetic_benign_127
11.0,2.0,0.0,0.0,0.0,0.0,2.521640636343318,0.0,957.0,49.0,0.051201671891327065,3.0,3.0,5.0,4.0,30.0,1.0,0.0,1.0,4.0,8385.0,1150.0,1.0,2.0,17.0,0.23529411764705882,0.7058823529411765,0.0,43620.529411764706,1.0,1.0,1.0,1.0,0.0,3.0,2.0,2.0,0.0,0,osint_scan,webflow.com
17.0,4.0,0.0,0.0,0.10013538254474486,1.0,3.759136404583974,2.0,1.0,2.0,0.2977138076045641,2.0,3.0,0.0,2.0,0.0,0.0,0.0,0.0,1.0,18.0,168.0,1.0,0.0,5.0,0.3033906320704496,0.3646787548071797,0.026692247456653738,2732.0,0.0,0.0,0.0,0.0,1.0,0.0,1.0,0.0,0.0,1,synthetic,synthetic_malicious_244
7.0,2.0,0.0,0.0,0.04496832369980678,0.0,2.5928635815742855,0.0,51.0,3.0,0.002067150724330108,2.0,1.0,4.0,3.0,13.0,1.0,1.0,1.0,4.0,2889.0,2441.0,1.0,3.0,11.0,0.8105306248429041,0.08494883990746237,0.029357065274556733,86843.0,1.0,1.0,0.0,0.0,1.0,1.0,2.0,0.0,19.0,0,synthetic_benign,synthetic_benign_2
36.0,2.0,0.0,0.0,0.12858286004966266,0.0,3.063628544767319,0.0,2.0,0.0,0.28839480831217523,0.0,1.0,0.0,1.0,1.0,0.0,0.0,0.0,1.0,169.0,184.0,0.0,1.0,3.0,0.5377010841068721,0.3355466392496017,0.14977523459881179,3023.0,0.0,0.0,0.0,1.0,1.0,0.0,2.0,0.0,2.0,1,synthetic,synthetic_malicious_258
26.0,2.0,0.0,1.0,0.22136806254017982,0.0,3.4528793732595355,3.0,0.0,1.0,0.6487954876913787,2.0,1.0,1.0,3.0,1.0,1.0,0.0,0.0,1.0,164.0,109.0,0.0,0.0,3.0,0.33410958587138173,0.2395915653825093,0.24046340766015206,2460.0,1.0,0.0,0.0,0.0,0.0,1.0,2.0,0.0,0.0,1,synthetic,synthetic_malicious_195
7.0,2.0,0.0,0.0,0.03497614251048463,0.0,2.589419176648317,0.0,24.0,0.0,0.032317346747282226,3.0,1.0,8.0,7.0,6.0,1.0,1.0,1.0,2.0,8828.0,337.0,1.0,3.0,15.0,0.7187119699948643,0.09241212370865921,0.014861243242093536,189209.0,1.0,1.0,1.0,1.0,1.0,3.0,2.0,1.0,13.0,0,synthetic_benign,synthetic_benign_6
26.0,5.0,0.0,1.0,0.30420964741805206,0.0,3.6915256532475715,1.0,2.0,0.0,0.2402671693825389,0.0,1.0,1.0,1.0,2.0,0.0,0.0,0.0,1.0,23.0,49.0,0.0,0.0,2.0,0.23249408962980986,0.644812676244064,0.07495707176549912,2099.0,0.0,0.0,0.0,0.0,0.0,2.0,1.0,1.0,1.0,1,synthetic,synthetic_malicious_134
32.0,3.0,1.0,1.0,0.24267348869935496,1.0,4.254150685062336,2.0,2.0,1.0,0.5038917107422701,0.0,2.0,0.0,2.0,1.0,0.0,0.0,0.0,1.0,152.0,170.0,0.0,0.0,3.0,0.1227226129017879,0.48308738418219005,0.2383171140532359,1558.0,0.0,0.0,0.0,0.0,0.0,0.0,1.0,2.0,3.0,1,synthetic,synthetic_malicious_253
5.0,2.0,0.0,0.0,0.02074365874922551,0.0,2.5162422763444128,0.0,33.0,3.0,0.03402992095483153,3.0,4.0,4.0,8.0,6.0,1.0,0.0,1.0,4.0,8091.0,1378.0,1.0,1.0,31.0,0.9473334365579562,0.11022642526078726,0.03272791359775691,434462.0,1.0,1.0,1.0,1.0,1.0,5.0,4.0,1.0,10.0,0,synthetic_benign,synthetic_benign_43
28.0,5.0,0.0,1.0,0.3025585887099356,0.0,3.6351871132287945,0.0,0.0,0.0,0.1259279176857225,2.0,1.0,0.0,2.0,1.0,0.0,0.0,0.0,2.0,54.0,292.0,1.0,1.0,1.0,0.24162323504022468,0.5392431273800664,0.14598982600927524,2526.0,1.0,0.0,0.0,1.0,0.0,0.0,0.0,1.0,2.0,1,synthetic,synthetic_malicious_33
29.0,4.0,0.0,0.0,0.15727325163862105,0.0,2.9535638762152656,2.0,2.0,0.0,0.1186706683225685,1.0,2.0,0.0,3.0,0.0,0.0,0.0,0.0,1.0,40.0,151.0,1.0,1.0,5.0,0.16323675603005525,0.3302035986247366,0.05534897492488181,4607.0,0.0,0.0,0.0,0.0,0.0,0.0,2.0,1.0,0.0,1,synthetic,synthetic_malicious_171
29.0,5.0,0.0,1.0,0.3985427300334169,1.0,3.2912223932717835,0.0,3.0,2.0,0.61212789792209,0.0,1.0,1.0,2.0,1.0,0.0,0.0,0.0,1.0,107.0,180.0,0.0,0.0,5.0,0.5518378233247981,0.43178947653581756,0.19383045237890947,740.0,0.0,0.0,0.0,0.0,0.0,0.0,1.0,1.0,2.0,1,synthetic,synthetic_malicious_142
17.0,2.0,0.0,0.0,0.02107830481199957,0.0,2.15969150779084,0.0,91.0,0.0,0.027853474714103967,2.0,3.0,3.0,8.0,14.0,1.0,1.0,1.0,2.0,686.0,2565.0,1.0,3.0,16.0,0.5986597168255187,0.14747644643101354,0.020581829879015467,364560.0,1.0,1.0,1.0,1.0,1.0,2.0,0.0,1.0,2.0,0,synthetic_benign,synthetic_benign_100
18.0,2.0,0.0,0.0,0.04872713021257255,0.0,2.9652016607672946,0.0,60.0,3.0,0.000890389216542259,1.0,3.0,2.0,4.0,12.0,1.0,1.0,1.0,2.0,8079.0,2114.0,1.0,3.0,32.0,0.9286936054593896,0.19082750928506698,0.007801818739469913,242552.0,1.0,1.0,1.0,1.0,1.0,3.0,4.0,0.0,3.0,0,synthetic_benign,synthetic_benign_142
30.0,5.0,0.0,0.0,0.2017006718822834,1.0,4.407515045904496,3.0,0.0,1.0,0.34191782983566643,0.0,2.0,0.0,3.0,2.0,0.0,0.0,0.0,2.0,95.0,317.0,0.0,0.0,3.0,0.16832817463153363,0.4346292406160971,0.04641733672350331,1553.0,1.0,0.0,0.0,0.0,0.0,1.0,1.0,2.0,2.0,1,synthetic,synthetic_malicious_231
5.0,3.0,0.0,0.0,0.028909339502750854,0.0,2.0613432669969365,0.0,90.0,3.0,0.027150810518494342,2.0,1.0,2.0,6.0,3.0,1.0,1.0,1.0,3.0,4803.0,1125.0,1.0,3.0,6.0,0.6604000836816063,0.06139656757175116,0.006247465289888444,347714.0,1.0,1.0,1.0,1.0,1.0,1.0,5.0,0.0,19.0,0,synthetic_benign,synthetic_benign_12
29.0,4.0,0.0,1.0,0.19359051854498233,1.0,3.617818206942411,3.0,0.0,0.0,0.4921668404748963,1.0,1.0,1.0,1.0,2.0,0.0,0.0,0.0,2.0,31.0,236.0,0.0,1.0,5.0,0.330110376474254,0.22717311711854893,0.016407826401684054,876.0,1.0,0.0,0.0,0.0,0.0,0.0,0.0,2.0,0.0,1,synthetic,synthetic_malicious_286
34.0,2.0,1.0,1.0,0.33838930198929923,0.0,4.0189865904525135,2.0,0.0,2.0,0.6331923136649874,0.0,2.0,1.0,1.0,2.0,0.0,1.0,1.0,1.0,13.0,157.0,1.0,0.0,3.0,0.45231697261001824,0.3369887492371795,0.24705188750673485,4137.0,0.0,0.0,0.0,0.0,0.0,1.0,0.0,1.0,2.0,1,synthetic,synthetic_malicious_92
33.0,5.0,0.0,1.0,0.16375495876106583,1.0,3.2096499323521908,2.0,2.0,1.0,0.7042559838065804,2.0,2.0,0.0,3.0,0.0,1.0,0.0,0.0,1.0,175.0,273.0,0.0,1.0,4.0,0.49646643406615876,0.24652667527733585,0.06647892014175905,1993.0,1.0,0.0,0.0,0.0,0.0,2.0,2.0,1.0,2.0,1,synthetic,synthetic_malicious_17
8.0,3.0,0.0,0.0,0.048774760809888,0.0,1.8415031924706624,0.0,40.0,3.0,0.03498960450256553,2.0,3.0,2.0,2.0,5.0,1.0,0.0,1.0,3.0,1103.0,538.0,1.0,4.0,24.0,0.9393005051093166,0.17463227217547192,0.022717903177686957,317306.0,1.0,1.0,1.0,1.0,1.0,5.0,2.0,0.0,15.0,0,synthetic_benign,synthetic_benign_29
31.0,4.0,0.0,0.0,0.35753704596690616,0.0,4.129717275356674,0.0,2.0,0.0,0.12136654461494772,1.0,3.0,0.0,1.0,2.0,0.0,0.0,0.0,1.0,105.0,153.0,0.0,1.0,3.0,0.5548676967820856,0.36464236918527326,0.1626701253617677,1693.0,0.0,0.0,0.0,0.0,0.0,2.0,2.0,2.0,1.0,1,synthetic,synthetic_malicious_139
8.0,3.0,0.0,1.0,0.04112961517615932,0.0,1.974811320800471,0.0,9.0,2.0,0.011747005276875656,3.0,1.0,7.0,7.0,9.0,1.0,1.0,1.0,3.0,1450.0,1241.0,1.0,3.0,9.0,0.5700461585611875,0.14154729310465955,0.03902729753877921,278386.0,1.0,1.0,0.0,1.0,1.0,4.0,1.0,1.0,4.0,0,synthetic_benign,synthetic_benign_88
26.0,3.0,0.0,0.0,0.25189275022064567,1.0,4.1275586987107165,0.0,2.0,1.0,0.4016681600752563,0.0,3.0,1.0,3.0,1.0,0.0,0.0,0.0,2.0,132.0,201.0,1.0,0.0,4.0,0.31419180696130355,0.28844758031052936,0.17846754304168475,4446.0,0.0,0.0,0.0,0.0,0.0,2.0,2.0,0.0,0.0,1,synthetic,synthetic_malicious_269
34.0,4.0,1.0,0.0,0.33045211426699866,0.0,3.6977606165429853,2.0,0.0,1.0,0.7974788835505799,2.0,3.0,1.0,3.0,0.0,0.0,0.0,0.0,2.0,38.0,137.0,0.0,0.0,1.0,0.5615789274328645,0.5880193687193849,0.2570336390007391,3209.0,1.0,0.0,0.0,0.0,1.0,1.0,1.0,1.0,3.0,1,synthetic,synthetic_malicious_239
12.0,3.0,0.0,0.0,0.047946697410448574,0.0,2.4049498294340212,0.0,44.0,1.0,0.0017974831846837014,2.0,2.0,8.0,7.0,7.0,1.0,1.0,1.0,4.0,8301.0,2695.0,1.0,3.0,25.0,0.9386892304228505,0.07972398199203617,0.027476587283583005,319673.0,1.0,1.0,1.0,1.0,1.0,4.0,4.0,0.0,18.0,0,synthetic_benign,synthetic_benign_124
24.0,5.0,1.0,1.0,0.21654912903908047,0.0,3.596304810035099,2.0,0.0,1.0,0.4014584924846357,2.0,1.0,0.0,2.0,2.0,0.0,0.0,0.0,1.0,61.0,66.0,0.0,1.0,3.0,0.44236898617497855,0.48800911862252144,0.033758961420687024,3388.0,0.0,0.0,0.0,0.0,1.0,1.0,0.0,1.0,3.0,1,synthetic,synthetic_malicious_136
19.0,2.0,0.0,0.0,0.027193463007463056,0.0,2.219206968106472,0.0,28.0,2.0,0.00035332965936630823,2.0,3.0,2.0,2.0,11.0,1.0,0.0,1.0,2.0,733.0,2664.0,1.0,3.0,18.0,0.6463177601603503,0.02456685515412227,0.02324198188596679,16013.0,1.0,1.0,1.0,1.0,0.0,5.0,1.0,0.0,3.0,0,synthetic_benign,synthetic_benign_9
21.0,4.0,1.0,0.0,0.05291696133694967,1.0,3.042620758160675,2.0,0.0,0.0,0.23399646203166508,2.0,2.0,0.0,2.0,2.0,0.0,0.0,0.0,1.0,46.0,131.0,0.0,1.0,5.0,0.5631749865132167,0.21074422910717278,0.07421764192492537,4336.0,1.0,0.0,0.0,1.0,0.0,1.0,2.0,1.0,1.0,1,synthetic,synthetic_malicious_138
19.0,3.0,0.0,0.0,0.026298605099925487,0.0,2.27868410753035,0.0,57.0,2.0,0.024171185987329466,1.0,3.0,6.0,7.0,11.0,1.0,1.0,1.0,2.0,782.0,1350.0,1.0,3.0,12.0,0.6037938214385078,0.10799385524129357,0.004899265199004033,154901.0,1.0,1.0,1.0,1.0,1.0,2.0,3.0,1.0,17.0,0,synthetic_benign,synthetic_benign_33
40.0,5.0,0.0,1.0,0.08392578498008817,1.0,3.3471572460398415,3.0,0.0,2.0,0.5227643906126332,2.0,1.0,0.0,2.0,2.0,0.0,0.0,0.0,1.0,136.0,259.0,1.0,0.0,3.0,0.33131403420048366,0.6372429770352899,0.022615466512286807,4508.0,1.0,0.0,0.0,1.0,1.0,0.0,0.0,1.0,3.0,1,synthetic,synthetic_malicious_5
42.0,5.0,0.0,0.0,0.3133402516692244,0.0,3.606588324727275,2.0,3.0,1.0,0.45808204245102524,2.0,3.0,1.0,1.0,1.0,0.0,0.0,0.0,1.0,70.0,170.0,1.0,0.0,5.0,0.24791245884274074,0.4855413161017045,0.011581862603606075,2246.0,0.0,0.0,0.0,0.0,0.0,0.0,1.0,2.0,2.0,1,synthetic,synthetic_malicious_297
28.0,3.0,0.0,1.0,0.39627923632785844,0.0,3.378713401583348,1.0,2.0,2.0,0.347168123756708,1.0,3.0,0.0,1.0,0.0,0.0,0.0,0.0,2.0,7.0,112.0,0.0,1.0,3.0,0.1593961530219589,0.4445339171220498,0.14867027878721076,1043.0,1.0,0.0,0.0,0.0,0.0,1.0,0.0,0.0,0.0,1,synthetic,synthetic_malicious_249
42.0,3.0,1.0,1.0,0.1343121358440309,0.0,2.600701429053088,1.0,3.0,1.0,0.6536826445758344,0.0,2.0,1.0,3.0,1.0,1.0,0.0,0.0,2.0,166.0,39.0,1.0,1.0,1.0,0.37856550570241654,0.20008485773916823,0.02726866407345967,4949.0,0.0,0.0,0.0,0.0,0.0,1.0,1.0,1.0,0.0,1,synthetic,synthetic_malicious_102
13.0,3.0,0.0,0.0,0.005908703784514158,0.0,1.8837931796569238,0.0,66.0,2.0,0.04707511435845211,3.0,2.0,4.0,4.0,4.0,1.0,1.0,1.0,2.0,2985.0,2739.0,1.0,2.0,6.0,0.7114156311234101,0.07718148616485186,0.007287319885489591,432644.0,1.0,1.0,1.0,0.0,1.0,4.0,2.0,0.0,11.0,0,synthetic_benign,synthetic_benign_44
24.0,5.0,0.0,1.0,0.3410938210820925,1.0,4.2285000678504785,0.0,3.0,1.0,0.4642635259289525,2.0,1.0,1.0,3.0,2.0,0.0,0.0,0.0,1.0,114.0,82.0,0.0,1.0,1.0,0.3522745007504787,0.2862794557181825,0.07432311707948526,3586.0,0.0,0.0,0.0,0.0,0.0,1.0,1.0,1.0,0.0,1,synthetic,synthetic_malicious_36
24.0,4.0,1.0,0.0,0.1322040094843394,1.0,4.113125789152532,1.0,0.0,0.0,0.19587403526268013,1.0,3.0,0.0,2.0,1.0,0.0,0.0,0.0,2.0,125.0,234.0,0.0,0.0,1.0,0.4892102033836625,0.3094205684061597,0.2412329568519429,4243.0,0.0,0.0,0.0,0.0,0.0,1.0,2.0,2.0,2.0,1,synthetic,synthetic_malicious_12
10.0,2.0,0.0,1.0,0.0038723328938728265,0.0,1.6573918252020632,0.0,7.0,2.0,0.048411814008426826,3.0,4.0,3.0,5.0,15.0,1.0,0.0,1.0,2.0,5495.0,1589.0,1.0,1.0,30.0,0.5387200445547985,0.0021752266793964247,0.026149210184511273,47780.0,1.0,1.0,0.0,1.0,1.0,1.0,4.0,1.0,18.0,0,synthetic_benign,synthetic_benign_11
11.0,3.0,0.0,0.0,0.019457540744864922,0.0,1.5910385041495898,0.0,69.0,0.0,0.004799390966894352,1.0,1.0,6.0,4.0,7.0,1.0,1.0,1.0,3.0,6772.0,723.0,1.0,2.0,5.0,0.5487813511093138,0.04390684682803914,0.028312036999481007,227839.0,1.0,1.0,1.0,1.0,1.0,3.0,2.0,1.0,19.0,0,synthetic_benign,synthetic_benign_4
18.0,3.0,0.0,0.0,0.041544550477172135,0.0,1.8313707534401038,0.0,56.0,3.0,0.02788769442401561,3.0,2.0,7.0,4.0,11.0,1.0,1.0,1.0,4.0,6069.0,985.0,1.0,4.0,13.0,0.7935276404330631,0.1715894777326602,0.006798787476930152,138342.0,1.0,1.0,1.0,1.0,1.0,5.0,3.0,1.0,8.0,0,synthetic_benign,synthetic_benign_53
19.0,5.0,1.0,1.0,0.11475980792536807,0.0,2.8777198429354724,3.0,1.0,2.0,0.22563539755968628,1.0,1.0,0.0,2.0,2.0,0.0,0.0,1.0,1.0,115.0,360.0,0.0,0.0,5.0,0.1686456476403945,0.5752221010923114,0.0035365587546531295,816.0,0.0,1.0,0.0,0.0,0.0,0.0,0.0,0.0,0.0,1,synthetic,synthetic_malicious_256
18.0,3.0,0.0,0.0,0.027818323532881297,0.0,1.9572362681253948,0.0,70.0,1.0,0.02625369993645148,1.0,4.0,8.0,4.0,13.0,1.0,1.0,1.0,2.0,4023.0,238.0,1.0,4.0,14.0,0.8133358620912133,0.14267339558921688,0.004635442228133435,439467.0,1.0,1.0,1.0,1.0,1.0,5.0,3.0,0.0,18.0,0,synthetic_benign,synthetic_benign_73
12.0,2.0,0.0,0.0,0.04039811232238538,0.0,2.179518790128133,0.0,34.0,2.0,0.035919705369473115,3.0,4.0,6.0,5.0,11.0,1.0,1.0,1.0,3.0,6507.0,468.0,1.0,4.0,24.0,0.6085290928442703,0.18171560667777314,0.03062921480014687,255981.0,1.0,1.0,1.0,1.0,1.0,1.0,1.0,0.0,14.0,0,synthetic_benign,synthetic_benign_18
16.0,2.0,0.0,0.0,0.04261267132081925,0.0,2.9427521764029754,0.0,79.0,2.0,0.012895566107922075,3.0,3.0,7.0,8.0,3.0,1.0,1.0,1.0,3.0,9998.0,503.0,1.0,1.0,28.0,0.9290296331224215,0.17149430043853073,0.02899773690820024,394519.0,1.0,1.0,1.0,1.0,1.0,3.0,3.0,1.0,5.0,0,synthetic_benign,synthetic_benign_71
32.0,3.0,0.0,1.0,0.11587939332721794,1.0,4.348964085583209,3.0,1.0,1.0,0.7979648344083767,2.0,1.0,0.0,1.0,0.0,0.0,0.0,0.0,2.0,33.0,73.0,1.0,1.0,4.0,0.54679123457122,0.5476952597663904,0.2790933037378732,1472.0,0.0,0.0,0.0,0.0,0.0,1.0,2.0,0.0,3.0,1,synthetic,synthetic_malicious_154
43.0,2.0,0.0,1.0,0.2362461036843151,1.0,4.265200579467725,3.0,3.0,1.0,0.08104341757230929,2.0,3.0,1.0,2.0,0.0,0.0,0.0,0.0,2.0,-1.0,78.0,0.0,1.0,3.0,0.5262819696466169,0.5439679601737092,0.051069772202772985,568.0,1.0,0.0,0.0,0.0,0.0,1.0,1.0,0.0,1.0,1,synthetic,synthetic_malicious_281
16.0,5.0,0.0,0.0,0.38215377589174815,0.0,2.6833468476350415,1.0,0.0,0.0,0.6294356723636935,0.0,1.0,0.0,1.0,2.0,0.0,0.0,0.0,2.0,36.0,335.0,1.0,0.0,2.0,0.3701077284315757,0.5992569117788118,0.032977904366830665,211.0,1.0,0.0,0.0,0.0,1.0,1.0,0.0,0.0,3.0,1,synthetic,synthetic_malicious_29
20.0,2.0,0.0,0.0,0.01728643391068257,0.0,2.7461637489096136,0.0,75.0,0.0,0.02050767094748504,3.0,1.0,7.0,6.0,11.0,1.0,1.0,1.0,4.0,9586.0,275.0,1.0,1.0,29.0,0.588592800189387,0.04243607342253922,0.019692789439690956,33242.0,1.0,1.0,1.0,0.0,0.0,1.0,4.0,1.0,3.0,0,synthetic_benign,synthetic_benign_104
13.0,2.0,0.0,0.0,0.030585319980402967,0.0,2.240526723089987,0.0,6.0,1.0,0.0317426985174552,3.0,2.0,4.0,8.0,12.0,1.0,0.0,1.0,2.0,5891.0,2921.0,1.0,3.0,40.0,0.6558711904908263,0.014133354462607906,0.000915992437499813,54794.0,1.0,1.0,1.0,1.0,1.0,4.0,0.0,1.0,6.0,0,synthetic_benign,synthetic_benign_81
41.0,4.0,0.0,1.0,0.13733930209734757,1.0,3.0133158830854296,0.0,0.0,0.0,0.30874967836272793,2.0,2.0,0.0,2.0,1.0,0.0,0.0,0.0,2.0,146.0,363.0,0.0,0.0,2.0,0.32564370957653743,0.5995972828781697,0.010023835960571348,164.0,1.0,0.0,0.0,0.0,0.0,2.0,0.0,2.0,0.0,1,synthetic,synthetic_malicious_87
24.0,2.0,0.0,0.0,0.16969750729657773,1.0,2.856971494504146,2.0,2.0,0.0,0.7154530022961654,1.0,1.0,0.0,2.0,2.0,0.0,0.0,0.0,1.0,57.0,133.0,0.0,1.0,2.0,0.4894692402582217,0.2599392463273858,0.02354627179163421,4035.0,0.0,0.0,0.0,1.0,0.0,2.0,1.0,1.0,2.0,1,synthetic,synthetic_malicious_121
37.0,5.0,0.0,1.0,0.16291112153051857,0.0,3.9647040508492815,3.0,3.0,2.0,0.2538267146003405,2.0,3.0,1.0,1.0,2.0,0.0,0.0,0.0,2.0,31.0,120.0,0.0,1.0,5.0,0.11619137146354372,0.5011943337254856,0.2763114649254238,1809.0,0.0,0.0,0.0,0.0,1.0,1.0,1.0,0.0,0.0,1,synthetic,synthetic_malicious_86
17.0,2.0,1.0,0.0,0.1310965086056974,0.0,3.4988678087925003,3.0,2.0,0.0,0.7850627170309026,2.0,1.0,0.0,1.0,2.0,0.0,0.0,0.0,1.0,14.0,343.0,0.0,0.0,1.0,0.32076422632989265,0.387161056721707,0.1893882166758463,241.0,0.0,0.0,0.0,0.0,0.0,2.0,2.0,0.0,1.0,1,synthetic,synthetic_malicious_290
41.0,3.0,0.0,1.0,0.1492575766013138,1.0,2.7611885006150914,3.0,2.0,2.0,0.6098032179380015,0.0,1.0,1.0,1.0,0.0,0.0,0.0,0.0,2.0,50.0,97.0,0.0,1.0,2.0,0.537211684632024,0.6382975186184773,0.02800199535769512,2952.0,1.0,0.0,0.0,0.0,0.0,1.0,2.0,2.0,1.0,1,synthetic,synthetic_malicious_74
35.0,4.0,1.0,0.0,0.1875705211244143,1.0,4.457448754052672,0.0,0.0,1.0,0.370403120955824,2.0,3.0,1.0,3.0,1.0,0.0,0.0,0.0,2.0,47.0,87.0,1.0,1.0,5.0,0.4830267337569517,0.6418783109226872,0.0046937389090648705,1688.0,1.0,0.0,0.0,0.0,0.0,0.0,2.0,0.0,3.0,1,synthetic,synthetic_malicious_57
16.0,2.0,0.0,1.0,0.03832423102116821,0.0,2.0366309695858336,0.0,5.0,1.0,0.026722519691857016,2.0,2.0,2.0,5.0,11.0,1.0,1.0,1.0,3.0,2521.0,1415.0,1.0,4.0,29.0,0.5765119073533038,0.036214330233307716,0.0016154242220781823,452019.0,1.0,1.0,0.0,1.0,1.0,5.0,2.0,1.0,3.0,0,synthetic_benign,synthetic_benign_91
30.0,2.0,0.0,1.0,0.30577627668469703,1.0,2.656954791845708,0.0,2.0,1.0,0.7038340021201474,1.0,2.0,0.0,1.0,2.0,0.0,0.0,1.0,2.0,12.0,186.0,0.0,1.0,5.0,0.3824564469962568,0.36341581382752064,0.20933059577822052,1254.0,1.0,0.0,0.0,0.0,0.0,2.0,0.0,0.0,3.0,1,synthetic,synthetic_malicious_135
10.0,2.0,0.0,0.0,0.0,0.0,1.9182958340544896,0.0,5675.0,88.0,0.015506607929515418,5.0,1.0,1.0,4.0,12.0,1.0,0.0,1.0,1.0,-1.0,-1.0,1.0,2.0,4.0,1.0,0.0,0.0,476295.75,1.0,1.0,1.0,1.0,1.0,0.0,2.0,2.0,0.0,0,osint_scan,google.com
9.0,2.0,0.0,0.0,0.028470324034958396,0.0,2.097608519991579,0.0,52.0,2.0,0.004354347114559881,1.0,2.0,6.0,7.0,7.0,1.0,1.0,1.0,3.0,4148.0,2440.0,1.0,3.0,44.0,0.6155653032208853,0.11297309203126867,0.03934364618584995,365285.0,1.0,1.0,1.0,1.0,1.0,5.0,3.0,1.0,11.0,0,synthetic_benign,synthetic_benign_103
6.0,3.0,0.0,0.0,0.04354092648691192,0.0,2.530376991688456,0.0,23.0,1.0,0.04422490499060342,2.0,3.0,2.0,8.0,9.0,1.0,1.0,1.0,2.0,5313.0,2809.0,1.0,4.0,16.0,0.6178451233076817,0.14768012573698924,0.022380696763803894,19699.0,1.0,1.0,1.0,1.0,1.0,2.0,2.0,0.0,8.0,0,synthetic_benign,synthetic_benign_32
22.0,2.0,0.0,1.0,0.06000518736752975,0.0,3.4052818320983174,2.0,0.0,2.0,0.06725341292874117,1.0,1.0,0.0,2.0,2.0,0.0,0.0,0.0,2.0,24.0,55.0,0.0,1.0,2.0,0.24700294729117164,0.4013460516059588,0.17821474956555447,4338.0,0.0,0.0,0.0,1.0,0.0,0.0,0.0,0.0,0.0,1,synthetic,synthetic_malicious_280
17.0,3.0,0.0,0.0,0.22935429694366055,1.0,2.6792376839207748,0.0,2.0,1.0,0.00987249190716355,1.0,2.0,0.0,3.0,2.0,0.0,0.0,0.0,1.0,174.0,224.0,0.0,1.0,3.0,0.23420339857460534,0.27296741032327393,0.05016222022773979,2260.0,0.0,0.0,0.0,0.0,0.0,2.0,1.0,2.0,1.0,1,synthetic,synthetic_malicious_65
43.0,5.0,0.0,1.0,0.23923376786943945,1.0,2.8408660255857185,0.0,0.0,1.0,0.7946891767726252,0.0,1.0,1.0,2.0,1.0,0.0,0.0,0.0,1.0,169.0,99.0,0.0,1.0,1.0,0.4977702323041281,0.36640055876948163,0.06714186504136015,4718.0,0.0,0.0,0.0,0.0,0.0,2.0,2.0,1.0,3.0,1,synthetic,synthetic_malicious_237
35.0,5.0,0.0,1.0,0.26796382309644373,1.0,2.538790794493993,0.0,0.0,0.0,0.7778660839931577,1.0,2.0,0.0,3.0,1.0,0.0,0.0,1.0,2.0,54.0,205.0,0.0,1.0,3.0,0.3318422336017146,0.5957123571326476,0.0990745941107491,1196.0,1.0,0.0,0.0,0.0,0.0,1.0,1.0,0.0,0.0,1,synthetic,synthetic_malicious_128
20.0,3.0,0.0,0.0,0.03515097217866573,0.0,2.765527270808944,0.0,54.0,0.0,0.0356182132040743,1.0,2.0,8.0,7.0,9.0,1.0,1.0,1.0,4.0,6975.0,1156.0,1.0,4.0,25.0,0.6790601242791758,0.010368301251239265,0.02687914676138404,420643.0,1.0,1.0,1.0,0.0,1.0,3.0,1.0,1.0,8.0,0,synthetic_benign,synthetic_benign_3
27.0,3.0,0.0,0.0,0.1280679515442107,0.0,3.838301123581873,2.0,3.0,1.0,0.5139875861115203,1.0,1.0,0.0,1.0,2.0,0.0,0.0,0.0,2.0,50.0,235.0,0.0,1.0,3.0,0.598219116048401,0.4431475081020414,0.21068725155581106,3901.0,1.0,0.0,0.0,0.0,0.0,0.0,1.0,2.0,0.0,1,synthetic,synthetic_malicious_266
7.0,3.0,0.0,0.0,0.01647813207352703,0.0,2.8129926338212385,0.0,44.0,3.0,0.022394377527361592,3.0,2.0,4.0,7.0,15.0,1.0,1.0,1.0,2.0,1484.0,2736.0,1.0,2.0,43.0,0.8851637681764848,0.11835994929060219,0.018264819161485563,490355.0,1.0,0.0,1.0,1.0,1.0,2.0,3.0,0.0,20.0,0,synthetic_benign,synthetic_benign_50
28.0,3.0,0.0,1.0,0.33649253517843386,0.0,2.8415509836601465,1.0,3.0,1.0,0.2320289509859623,2.0,1.0,1.0,2.0,2.0,0.0,0.0,0.0,2.0,105.0,247.0,1.0,1.0,4.0,0.16006324873942537,0.39471469898156686,0.17416142218432182,279.0,0.0,0.0,0.0,1.0,0.0,0.0,1.0,2.0,3.0,1,synthetic,synthetic_malicious_288
11.0,2.0,0.0,0.0,0.0,0.0,2.521640636343318,0.0,22248.0,693.0,0.03114886731391586,11.0,6.0,1.0,2.0,2.0,1.0,0.0,1.0,1.0,11172.0,150.0,0.0,0.0,1.0,1.0,0.0,0.0,513.0,1.0,0.0,0.0,0.0,0.0,0.0,0.0,0.0,0.0,0,osint_scan,example.com
14.0,3.0,0.0,0.0,0.04781762962545251,0.0,2.184060448485001,0.0,7.0,3.0,0.04817169416861337,1.0,4.0,7.0,7.0,10.0,1.0,1.0,1.0,3.0,5259.0,2716.0,1.0,4.0,27.0,0.7567534264331602,0.17292635288986108,0.049094339516075565,460401.0,1.0,1.0,1.0,1.0,1.0,5.0,2.0,0.0,2.0,0,synthetic_benign,synthetic_benign_140
11.0,2.0,0.0,0.0,0.010827248585444073,0.0,2.800785441242133,0.0,20.0,2.0,0.04059572874137448,2.0,2.0,8.0,5.0,10.0,1.0,1.0,1.0,2.0,2306.0,3602.0,1.0,4.0,36.0,0.7078789308675322,0.10595434473677859,0.0386932712414865,57051.0,1.0,0.0,0.0,1.0,1.0,1.0,0.0,0.0,4.0,0,synthetic_benign,synthetic_benign_47
20.0,2.0,0.0,0.0,0.015792323192004548,0.0,1.8292036641224043,0.0,89.0,2.0,0.012771887579427006,2.0,4.0,3.0,2.0,11.0,1.0,0.0,1.0,4.0,7161.0,2893.0,1.0,2.0,13.0,0.6371342446771082,0.04953615999467618,0.02330140919879625,475829.0,1.0,1.0,1.0,1.0,1.0,4.0,1.0,1.0,10.0,0,synthetic_benign,synthetic_benign_97
43.0,3.0,0.0,1.0,0.2606306688805022,1.0,2.705840387358646,2.0,0.0,2.0,0.7141312160865672,1.0,3.0,1.0,2.0,1.0,0.0,1.0,0.0,1.0,69.0,245.0,1.0,1.0,2.0,0.4007153396564527,0.49558554806879723,0.07092657516095148,174.0,1.0,0.0,0.0,0.0,0.0,1.0,0.0,1.0,0.0,1,synthetic,synthetic_malicious_276
29.0,2.0,1.0,1.0,0.18849219244924204,0.0,3.2597799122940962,2.0,3.0,1.0,0.3444929767577378,2.0,3.0,0.0,2.0,1.0,0.0,0.0,0.0,1.0,100.0,193.0,0.0,1.0,5.0,0.49098718480178827,0.3629431187214527,0.08409004393926525,3218.0,0.0,0.0,0.0,0.0,0.0,2.0,0.0,2.0,3.0,1,synthetic,synthetic_malicious_66
16.0,3.0,0.0,1.0,0.0075160397686183,0.0,2.9907381138664517,0.0,81.0,2.0,0.015763942464285308,3.0,1.0,3.0,8.0,6.0,1.0,0.0,1.0,4.0,5888.0,468.0,1.0,4.0,50.0,0.7869436257026832,0.07627768268300444,0.04604868080334161,284814.0,1.0,1.0,1.0,1.0,1.0,3.0,1.0,0.0,12.0,0,synthetic_benign,synthetic_benign_16
6.0,2.0,0.0,0.0,0.013398722401036912,0.0,1.8949310562709132,0.0,37.0,3.0,0.006453283155586554,3.0,1.0,7.0,2.0,7.0,1.0,0.0,1.0,2.0,1117.0,1978.0,1.0,3.0,44.0,0.8164551828698424,0.16313055850563762,0.023860812543589252,140655.0,1.0,1.0,1.0,1.0,0.0,1.0,3.0,1.0,13.0,0,synthetic_benign,synthetic_benign_141
33.0,5.0,0.0,1.0,0.32868087254955947,1.0,2.697213117163455,1.0,1.0,1.0,0.2992956542440305,1.0,3.0,0.0,2.0,0.0,0.0,0.0,0.0,1.0,28.0,102.0,0.0,1.0,4.0,0.4921349987643485,0.4605574149002358,0.10449008899069397,799.0,0.0,0.0,0.0,0.0,0.0,0.0,0.0,1.0,0.0,1,synthetic,synthetic_malicious_68
8.0,3.0,0.0,0.0,0.028495836052509285,0.0,1.9236845961472318,0.0,19.0,3.0,0.01786550413937858,1.0,1.0,5.0,5.0,9.0,1.0,1.0,1.0,2.0,4731.0,1148.0,1.0,4.0,45.0,0.6831476188891459,0.19383111494005784,0.016018752116243713,66788.0,1.0,1.0,1.0,1.0,1.0,5.0,3.0,1.0,14.0,0,synthetic_benign,synthetic_benign_13
13.0,2.0,0.0,0.0,0.0,0.0,2.94770277922009,0.0,7902.0,1356.0,0.1716021260440395,6.0,2.0,1.0,4.0,40.0,1.0,0.0,1.0,1.0,12737.0,-1.0,1.0,4.0,2.0,1.0,0.0,0.0,86968.0,1.0,1.0,1.0,1.0,1.0,2.0,4.0,3.0,0.0,0,osint_scan,microsoft.com
19.0,5.0,0.0,0.0,0.3917187364209533,0.0,2.7263280686414673,3.0,2.0,0.0,0.07235761477383021,0.0,1.0,1.0,2.0,1.0,0.0,0.0,0.0,2.0,34.0,364.0,0.0,1.0,4.0,0.3746696304421957,0.4693736200547614,0.14778042182134335,4392.0,0.0,0.0,0.0,0.0,0.0,2.0,2.0,0.0,0.0,1,synthetic,synthetic_malicious_259
17.0,2.0,0.0,0.0,0.030398954886062108,0.0,2.5473835150684963,0.0,48.0,2.0,0.022680532220287965,2.0,1.0,6.0,5.0,7.0,1.0,1.0,1.0,2.0,7766.0,1787.0,1.0,4.0,16.0,0.5673235842497812,0.03541019527494667,0.03736719086359454,83059.0,1.0,0.0,1.0,1.0,1.0,4.0,2.0,0.0,2.0,0,synthetic_benign,synthetic_benign_95
28.0,2.0,0.0,1.0,0.21688234789131994,1.0,2.952381722918812,3.0,0.0,0.0,0.556477685830439,0.0,2.0,0.0,2.0,0.0,0.0,0.0,0.0,1.0,79.0,218.0,0.0,0.0,4.0,0.4867302418253121,0.576578900495534,0.039943869355863644,1170.0,1.0,0.0,0.0,0.0,0.0,0.0,2.0,2.0,1.0,1,synthetic,synthetic_malicious_75
40.0,2.0,1.0,1.0,0.37637386317512306,1.0,3.999887358422976,0.0,3.0,2.0,0.46498686555546903,0.0,3.0,1.0,2.0,0.0,0.0,0.0,0.0,1.0,119.0,93.0,0.0,1.0,4.0,0.5539967843160702,0.5224297080331852,0.23539055080969568,3242.0,1.0,0.0,0.0,0.0,0.0,1.0,1.0,1.0,1.0,1,synthetic,synthetic_malicious_270
7.0,3.0,0.0,0.0,0.0269475724444502,0.0,1.7179690080558179,0.0,72.0,1.0,0.009138302480180544,3.0,3.0,2.0,2.0,10.0,1.0,1.0,1.0,4.0,5939.0,205.0,1.0,3.0,43.0,0.8265726177524604,0.01620751516872747,0.04967730605562627,496215.0,1.0,1.0,1.0,1.0,1.0,1.0,5.0,1.0,2.0,0,synthetic_benign,synthetic_benign_105
14.0,3.0,0.0,0.0,0.022443412707897206,0.0,1.8856543403222212,0.0,100.0,1.0,0.018454323990184773,3.0,2.0,8.0,6.0,11.0,1.0,1.0,1.0,2.0,9956.0,2953.0,1.0,3.0,46.0,0.8462233074840368,0.1911674032523517,0.013571516751659069,102122.0,1.0,1.0,1.0,1.0,1.0,3.0,2.0,0.0,18.0,0,synthetic_benign,synthetic_benign_101
45.0,5.0,0.0,0.0,0.25482919428438233,1.0,3.6388609234906846,3.0,0.0,1.0,0.0062994247833700005,2.0,3.0,1.0,2.0,1.0,0.0,0.0,0.0,2.0,8.0,279.0,0.0,1.0,2.0,0.4571451643880631,0.46415440447263284,0.12660136426181348,2587.0,0.0,0.0,0.0,0.0,0.0,2.0,2.0,1.0,3.0,1,synthetic,synthetic_malicious_198
22.0,4.0,1.0,0.0,0.056004128060038766,1.0,4.415231542789827,0.0,0.0,1.0,0.28868682890386277,0.0,2.0,1.0,1.0,2.0,0.0,0.0,0.0,1.0,13.0,100.0,1.0,0.0,4.0,0.4665407599000144,0.5480612671558305,0.12741262250770083,443.0,0.0,0.0,0.0,0.0,0.0,0.0,0.0,1.0,1.0,1,synthetic,synthetic_malicious_260
44.0,5.0,0.0,1.0,0.12603563726202258,0.0,2.7800262831515914,0.0,3.0,1.0,0.7705989684426113,1.0,1.0,0.0,2.0,2.0,1.0,0.0,0.0,2.0,175.0,43.0,0.0,1.0,2.0,0.3588745638986187,0.45476128305735625,0.22435309229437486,2421.0,0.0,0.0,0.0,0.0,0.0,0.0,1.0,2.0,0.0,1,synthetic,synthetic_malicious_76
18.0,3.0,0.0,1.0,0.15089494097975076,0.0,2.6644958902614624,3.0,0.0,1.0,0.22688915405837157,2.0,3.0,1.0,3.0,1.0,0.0,0.0,0.0,2.0,47.0,65.0,0.0,1.0,3.0,0.18964864169353932,0.6993616628429252,0.14749451206347824,861.0,0.0,0.0,0.0,0.0,0.0,2.0,2.0,0.0,1.0,1,synthetic,synthetic_malicious_179
21.0,4.0,0.0,1.0,0.10523785380543206,1.0,4.439329173678269,1.0,3.0,1.0,0.36119191931703964,2.0,1.0,1.0,1.0,2.0,0.0,0.0,0.0,1.0,105.0,218.0,0.0,1.0,5.0,0.21224356673931563,0.6740546085796135,0.27693370556502783,1873.0,0.0,0.0,0.0,0.0,0.0,1.0,2.0,1.0,2.0,1,synthetic,synthetic_malicious_189
25.0,5.0,0.0,1.0,0.06616831732600056,1.0,2.878204328632883,2.0,1.0,1.0,0.19773731859480723,2.0,2.0,0.0,3.0,2.0,0.0,0.0,1.0,2.0,168.0,344.0,1.0,1.0,5.0,0.28713304586182453,0.4594461830864372,0.05369955522229475,3062.0,0.0,0.0,0.0,0.0,0.0,2.0,2.0,2.0,0.0,1,synthetic,synthetic_malicious_219
44.0,3.0,1.0,1.0,0.07199544362051889,1.0,2.555745504497981,3.0,0.0,2.0,0.6377767242568559,1.0,2.0,0.0,1.0,1.0,0.0,0.0,1.0,2.0,132.0,151.0,0.0,1.0,1.0,0.4126743787767596,0.4894672346294908,0.025660409721416765,497.0,0.0,0.0,0.0,0.0,0.0,0.0,1.0,0.0,2.0,1,synthetic,synthetic_malicious_214
37.0,5.0,0.0,1.0,0.09222955966330704,1.0,2.7391094825101057,1.0,1.0,0.0,0.5908837228071605,1.0,3.0,1.0,1.0,0.0,0.0,0.0,0.0,1.0,69.0,53.0,0.0,1.0,2.0,0.41893482755296374,0.5763960878956269,0.0307762940363282,100.0,0.0,0.0,0.0,0.0,1.0,1.0,0.0,0.0,3.0,1,synthetic,synthetic_malicious_18
19.0,5.0,1.0,0.0,0.375184416034618,1.0,3.7329347163385673,0.0,0.0,1.0,0.32583775237185464,1.0,3.0,0.0,1.0,1.0,0.0,0.0,0.0,1.0,76.0,86.0,0.0,1.0,3.0,0.4557927996593497,0.323484318404797,0.2685318702032187,1488.0,1.0,0.0,0.0,0.0,0.0,2.0,0.0,1.0,1.0,1,synthetic,synthetic_malicious_251
11.0,3.0,0.0,0.0,0.04755033008771107,0.0,2.3859387634391944,0.0,9.0,3.0,0.01832484695223933,2.0,3.0,2.0,6.0,15.0,1.0,1.0,1.0,3.0,3372.0,2236.0,1.0,1.0,34.0,0.8467677233479229,0.10919231692489706,0.03539916916337936,381097.0,1.0,1.0,1.0,1.0,1.0,4.0,0.0,0.0,18.0,0,synthetic_benign,synthetic_benign_128
30.0,2.0,0.0,1.0,0.21817006690763763,1.0,3.0158230755924587,3.0,0.0,1.0,0.4100206955251531,2.0,1.0,1.0,1.0,2.0,1.0,0.0,0.0,1.0,90.0,113.0,1.0,1.0,4.0,0.4181235675219618,0.6775781793742788,0.014614470205879648,2389.0,0.0,0.0,0.0,0.0,0.0,0.0,2.0,0.0,2.0,1,synthetic,synthetic_malicious_175
28.0,5.0,0.0,0.0,0.09983071982173894,1.0,2.587800531406319,1.0,3.0,2.0,0.7164623521118878,1.0,3.0,0.0,3.0,0.0,0.0,0.0,0.0,1.0,110.0,96.0,0.0,1.0,3.0,0.5630209758908183,0.39647633545370997,0.24956995040629698,2672.0,1.0,0.0,0.0,0.0,0.0,2.0,0.0,0.0,0.0,1,synthetic,synthetic_malicious_81
21.0,3.0,0.0,1.0,0.14169959836894896,1.0,4.195068367637767,1.0,1.0,0.0,0.017193622446521586,1.0,1.0,0.0,3.0,0.0,0.0,0.0,1.0,1.0,77.0,263.0,0.0,1.0,2.0,0.5705808778365207,0.6885509230160073,0.2993084742647494,3553.0,0.0,0.0,0.0,0.0,0.0,0.0,2.0,1.0,2.0,1,synthetic,synthetic_malicious_218
27.0,4.0,0.0,0.0,0.064356165260654,0.0,3.774848302510799,3.0,2.0,1.0,0.21626089374475363,0.0,2.0,1.0,2.0,2.0,0.0,0.0,0.0,1.0,132.0,202.0,0.0,0.0,3.0,0.37380627770192165,0.536400929869995,0.24950684994746433,97.0,0.0,0.0,0.0,0.0,0.0,1.0,0.0,0.0,0.0,1,synthetic,synthetic_malicious_158
20.0,2.0,0.0,0.0,0.04993004857558048,0.0,2.414835388147397,0.0,46.0,1.0,0.03374473180730186,1.0,4.0,4.0,3.0,5.0,1.0,1.0,1.0,3.0,8258.0,2933.0,1.0,4.0,37.0,0.9069429929320981,0.0874247161614838,0.038322683220162225,410247.0,1.0,1.0,0.0,0.0,1.0,3.0,4.0,1.0,18.0,0,synthetic_benign,synthetic_benign_96
42.0,3.0,0.0,0.0,0.2731950078974057,0.0,3.5175114903486016,0.0,1.0,0.0,0.1893889474294964,1.0,1.0,1.0,3.0,2.0,0.0,0.0,0.0,1.0,15.0,188.0,0.0,1.0,5.0,0.3053975603325835,0.40471676373235654,0.17247015254292794,1026.0,0.0,0.0,0.0,0.0,0.0,2.0,2.0,2.0,1.0,1,synthetic,synthetic_malicious_45
14.0,2.0,0.0,0.0,0.03222392233428174,0.0,1.9911467546148252,0.0,56.0,3.0,0.035962775333489704,3.0,1.0,2.0,4.0,6.0,1.0,0.0,1.0,4.0,740.0,2282.0,1.0,3.0,50.0,0.7606328237196824,0.012594621867349033,0.03206114682391132,104782.0,1.0,1.0,1.0,1.0,1.0,5.0,5.0,1.0,9.0,0,synthetic_benign,synthetic_benign_132
42.0,3.0,1.0,1.0,0.35386058836758705,1.0,2.836590003221283,2.0,1.0,2.0,0.7984036443926534,0.0,3.0,0.0,2.0,0.0,0.0,0.0,1.0,2.0,5.0,175.0,0.0,0.0,4.0,0.2867791548011396,0.6645742213398957,0.03182097636977702,2650.0,1.0,0.0,0.0,0.0,0.0,1.0,2.0,2.0,0.0,1,synthetic,synthetic_malicious_193
11.0,2.0,0.0,0.0,0.04057729102426668,0.0,2.909087069520994,0.0,33.0,1.0,0.015343382807493734,1.0,2.0,7.0,5.0,8.0,1.0,1.0,1.0,2.0,2176.0,349.0,1.0,2.0,37.0,0.9354214874268032,0.10621607803479159,0.019095657532211364,14354.0,1.0,1.0,0.0,1.0,1.0,3.0,0.0,0.0,7.0,0,synthetic_benign,synthetic_benign_139
26.0,3.0,0.0,0.0,0.050029947511240666,1.0,4.392429231789627,2.0,3.0,0.0,0.46165717536474954,2.0,2.0,1.0,3.0,2.0,0.0,0.0,0.0,1.0,59.0,48.0,0.0,1.0,2.0,0.5787114640109539,0.5010721935036428,0.06481199024271175,2941.0,1.0,0.0,0.0,0.0,0.0,2.0,0.0,1.0,3.0,1,synthetic,synthetic_malicious_243
31.0,2.0,0.0,1.0,0.32230596375997095,1.0,2.718108020007691,1.0,0.0,2.0,0.6265815967843037,2.0,3.0,1.0,2.0,2.0,0.0,0.0,0.0,2.0,108.0,85.0,0.0,1.0,1.0,0.5496333825617674,0.36105590987316305,0.04450014769810937,1033.0,1.0,0.0,0.0,0.0,0.0,2.0,1.0,1.0,3.0,1,synthetic,synthetic_malicious_30
16.0,2.0,0.0,0.0,0.0391123539886354,0.0,2.1654822294896205,0.0,13.0,2.0,0.047761364134979334,1.0,4.0,4.0,6.0,13.0,1.0,1.0,1.0,2.0,9289.0,1230.0,1.0,4.0,11.0,0.7570788643636699,0.06410613040956621,0.043265417720990476,345730.0,1.0,1.0,0.0,1.0,1.0,1.0,2.0,1.0,20.0,0,synthetic_benign,synthetic_benign_70
39.0,2.0,0.0,0.0,0.18918342252913428,1.0,4.30199129999203,1.0,3.0,0.0,0.6637996520213573,1.0,3.0,1.0,3.0,2.0,0.0,0.0,0.0,2.0,21.0,85.0,0.0,1.0,2.0,0.2345106689212101,0.3047627774254116,0.2244870753540923,2523.0,1.0,0.0,0.0,1.0,0.0,1.0,2.0,1.0,2.0,1,synthetic,synthetic_malicious_233
27.0,4.0,1.0,0.0,0.24851301801747583,0.0,2.925253088108281,3.0,3.0,2.0,0.3670814820699191,1.0,1.0,0.0,3.0,2.0,0.0,0.0,0.0,2.0,91.0,142.0,0.0,0.0,5.0,0.34675791744481554,0.5778910787668688,0.25833087289999973,1252.0,0.0,0.0,0.0,1.0,0.0,1.0,2.0,1.0,0.0,1,synthetic,synthetic_malicious_2
23.0,4.0,0.0,0.0,0.18934541312995445,1.0,4.227661053229613,0.0,1.0,1.0,0.6264874082762685,0.0,1.0,0.0,3.0,1.0,0.0,0.0,0.0,1.0,40.0,229.0,0.0,0.0,1.0,0.5116277327587024,0.4358343300441718,0.1800736325279864,722.0,1.0,0.0,0.0,1.0,0.0,1.0,2.0,2.0,2.0,1,synthetic,synthetic_malicious_118
34.0,2.0,0.0,1.0,0.3163363412270032,1.0,3.229781286638803,1.0,0.0,1.0,0.1108520163283414,0.0,3.0,0.0,2.0,1.0,0.0,0.0,0.0,2.0,118.0,283.0,0.0,1.0,2.0,0.22504657422363575,0.29893822180873697,0.2538107333048766,2302.0,0.0,0.0,0.0,0.0,0.0,0.0,2.0,1.0,3.0,1,synthetic,synthetic_malicious_274
15.0,2.0,0.0,0.0,0.010319392189814664,0.0,2.7765234553757,0.0,65.0,0.0,0.01810006529305825,2.0,3.0,2.0,4.0,10.0,1.0,1.0,1.0,3.0,1820.0,1467.0,1.0,2.0,16.0,0.9491760286074222,0.03483220244674985,0.025905970504329204,149879.0,1.0,1.0,1.0,1.0,1.0,2.0,0.0,0.0,10.0,0,synthetic_benign,synthetic_benign_61
26.0,5.0,0.0,0.0,0.36282275139536724,1.0,3.945447365462221,1.0,2.0,2.0,0.7890943576306332,2.0,3.0,1.0,1.0,0.0,0.0,0.0,0.0,2.0,28.0,238.0,0.0,0.0,4.0,0.571661872537847,0.6286335338865116,0.19028791587649727,4738.0,1.0,0.0,0.0,0.0,0.0,0.0,2.0,1.0,1.0,1,synthetic,synthetic_malicious_268
42.0,3.0,0.0,1.0,0.3742975580778583,1.0,2.5669237521027544,0.0,3.0,2.0,0.2948628789971135,2.0,2.0,0.0,1.0,2.0,0.0,0.0,0.0,2.0,118.0,294.0,1.0,0.0,2.0,0.33622578617432286,0.5708430553366874,0.28812331408720565,639.0,0.0,0.0,0.0,0.0,0.0,2.0,0.0,1.0,3.0,1,synthetic,synthetic_malicious_155
39.0,5.0,0.0,1.0,0.36114890850713405,1.0,3.7838145786024655,2.0,3.0,0.0,0.6437505233725864,2.0,2.0,1.0,2.0,0.0,0.0,0.0,0.0,2.0,51.0,204.0,0.0,1.0,3.0,0.46709987740227343,0.6303886828771625,0.29261223837446404,1071.0,0.0,0.0,0.0,0.0,0.0,1.0,0.0,0.0,0.0,1,synthetic,synthetic_malicious_47
7.0,2.0,0.0,1.0,0.02812960922705718,0.0,2.0105966143312033,0.0,27.0,1.0,0.02443736025445195,1.0,2.0,6.0,7.0,10.0,1.0,0.0,1.0,2.0,8169.0,3542.0,1.0,3.0,47.0,0.5528153514795953,0.046916911949715125,0.013363665164299666,316722.0,1.0,1.0,1.0,1.0,1.0,2.0,4.0,0.0,17.0,0,synthetic_benign,synthetic_benign_106
37.0,2.0,1.0,1.0,0.12436641495372978,0.0,3.436300781645051,3.0,1.0,1.0,0.08362777436047875,0.0,3.0,1.0,2.0,2.0,0.0,0.0,0.0,1.0,55.0,216.0,0.0,1.0,5.0,0.3567320212834355,0.5900105297573093,0.05638604179465616,2276.0,0.0,0.0,0.0,0.0,0.0,1.0,0.0,2.0,0.0,1,synthetic,synthetic_malicious_279
43.0,3.0,1.0,1.0,0.34216192840382176,1.0,2.8627159695473,0.0,3.0,2.0,0.43973168774333343,1.0,3.0,0.0,2.0,0.0,0.0,0.0,0.0,2.0,31.0,365.0,0.0,1.0,5.0,0.13490444235547852,0.29674928455720073,0.1457583690821662,2689.0,0.0,0.0,0.0,0.0,0.0,1.0,1.0,0.0,0.0,1,synthetic,synthetic_malicious_111
42.0,2.0,0.0,0.0,0.23652953106954538,1.0,3.620231954501598,3.0,0.0,1.0,0.5127730290478455,2.0,1.0,1.0,2.0,1.0,0.0,0.0,0.0,2.0,131.0,52.0,0.0,0.0,1.0,0.23896651535627053,0.4100310345456387,0.13465844910496913,42.0,0.0,0.0,0.0,0.0,0.0,0.0,2.0,1.0,0.0,1,synthetic,synthetic_malicious_213
37.0,4.0,1.0,0.0,0.12782524671442858,0.0,2.7847186727530833,1.0,2.0,0.0,0.16787280517946623,0.0,2.0,0.0,1.0,0.0,0.0,0.0,1.0,1.0,7.0,292.0,0.0,1.0,1.0,0.554264649201231,0.2216407480323589,0.09049374163356368,84.0,0.0,0.0,0.0,0.0,0.0,0.0,2.0,1.0,0.0,1,synthetic,synthetic_malicious_177
44.0,2.0,1.0,1.0,0.3817991588067239,0.0,3.9061816608161246,0.0,2.0,0.0,0.7599262262358676,2.0,3.0,0.0,3.0,1.0,0.0,0.0,1.0,1.0,126.0,289.0,0.0,1.0,4.0,0.3387962948658255,0.5907709190615769,0.26293494024455316,1865.0,1.0,0.0,0.0,0.0,0.0,1.0,2.0,2.0,0.0,1,synthetic,synthetic_malicious_293
44.0,2.0,0.0,1.0,0.1008843603113753,1.0,3.140435861886341,0.0,2.0,2.0,0.564361085269194,1.0,2.0,0.0,3.0,2.0,0.0,0.0,0.0,2.0,9.0,101.0,0.0,0.0,3.0,0.11239779741179165,0.5087609963151697,0.06610943923735473,2927.0,1.0,0.0,0.0,0.0,0.0,1.0,0.0,0.0,0.0,1,synthetic,synthetic_malicious_172
24.0,4.0,0.0,1.0,0.2229857679130008,1.0,4.1766317666764925,3.0,0.0,1.0,0.6363531650421439,1.0,1.0,1.0,3.0,0.0,0.0,0.0,0.0,2.0,40.0,122.0,0.0,0.0,5.0,0.41560670065378713,0.6274044634083302,0.03516214186530381,2808.0,0.0,0.0,0.0,0.0,0.0,2.0,1.0,0.0,1.0,1,synthetic,synthetic_malicious_273
38.0,4.0,0.0,1.0,0.35692773492727975,1.0,4.023127837877227,2.0,2.0,1.0,0.7141374478637208,1.0,3.0,1.0,1.0,2.0,0.0,0.0,0.0,1.0,47.0,106.0,1.0,0.0,1.0,0.3351237656929491,0.28177747840420475,0.1401398519495797,950.0,0.0,0.0,1.0,0.0,0.0,1.0,1.0,1.0,0.0,1,synthetic,synthetic_malicious_192
20.0,5.0,0.0,1.0,0.2375735921815083,0.0,2.915272451220707,2.0,3.0,1.0,0.6819857485289189,0.0,1.0,1.0,3.0,2.0,0.0,0.0,0.0,1.0,22.0,157.0,0.0,1.0,5.0,0.12447530879521138,0.3494203554845109,0.2460268847435935,1424.0,1.0,0.0,0.0,0.0,0.0,1.0,0.0,0.0,0.0,1,synthetic,synthetic_malicious_82
14.0,3.0,0.0,0.0,0.005878693106122979,0.0,2.41102231783176,0.0,12.0,3.0,0.02071444851019238,1.0,2.0,5.0,5.0,4.0,1.0,1.0,1.0,4.0,9636.0,3100.0,1.0,3.0,29.0,0.5949156092761071,0.0048889580851236404,0.0038567125110541113,481708.0,1.0,1.0,1.0,1.0,1.0,3.0,5.0,0.0,9.0,0,synthetic_benign,synthetic_benign_23
17.0,3.0,0.0,0.0,0.004543321019011249,0.0,2.630386268714207,0.0,23.0,3.0,0.004006110549462111,3.0,3.0,7.0,7.0,8.0,1.0,0.0,1.0,4.0,1623.0,655.0,1.0,1.0,23.0,0.6283859220740051,0.019968556389276415,0.03843670958563774,145034.0,1.0,1.0,1.0,1.0,0.0,3.0,2.0,1.0,17.0,0,synthetic_benign,synthetic_benign_126
19.0,5.0,1.0,0.0,0.3611700221837968,1.0,4.138250138456528,3.0,0.0,0.0,0.43802983968644704,0.0,1.0,1.0,2.0,2.0,0.0,0.0,0.0,2.0,120.0,340.0,1.0,0.0,5.0,0.41823013149550614,0.5808393904936663,0.2001662234568776,1220.0,0.0,0.0,0.0,0.0,0.0,0.0,1.0,1.0,0.0,1,synthetic,synthetic_malicious_206
28.0,2.0,0.0,1.0,0.19579865832298893,0.0,2.6712279099745233,2.0,0.0,2.0,0.43526556794242677,2.0,3.0,0.0,2.0,1.0,1.0,0.0,0.0,1.0,90.0,64.0,0.0,0.0,5.0,0.46759349240615566,0.3662593041859924,0.013300706488562452,4472.0,1.0,0.0,0.0,0.0,0.0,1.0,2.0,0.0,1.0,1,synthetic,synthetic_malicious_41
29.0,5.0,0.0,0.0,0.1433166098381638,0.0,3.6759784671997493,2.0,3.0,2.0,0.31224063231004096,2.0,1.0,1.0,1.0,2.0,0.0,0.0,0.0,2.0,41.0,344.0,0.0,1.0,2.0,0.34847585572095285,0.6236670470763268,0.23614488260892294,4389.0,1.0,0.0,0.0,0.0,0.0,2.0,2.0,0.0,0.0,1,synthetic,synthetic_malicious_183
22.0,3.0,0.0,1.0,0.30692681675903233,1.0,2.8379694837802942,2.0,0.0,1.0,0.7012353100795811,1.0,3.0,0.0,3.0,0.0,0.0,0.0,1.0,1.0,105.0,257.0,0.0,1.0,4.0,0.45093410742702744,0.3027474578290881,0.20572200856427403,76.0,1.0,0.0,0.0,0.0,0.0,0.0,1.0,0.0,0.0,1,synthetic,synthetic_malicious_98
20.0,2.0,0.0,0.0,0.019854920113952623,0.0,2.1209619400782334,0.0,65.0,3.0,0.019895858772715064,3.0,3.0,6.0,5.0,15.0,1.0,1.0,1.0,2.0,4890.0,2816.0,1.0,4.0,15.0,0.7111569253039688,0.12468256551122847,0.025251395430536623,460324.0,1.0,1.0,0.0,1.0,1.0,1.0,2.0,1.0,13.0,0,synthetic_benign,synthetic_benign_46
16.0,2.0,0.0,0.0,0.003933521463408818,0.0,1.6576426387221348,0.0,97.0,0.0,0.02897437023504967,2.0,2.0,6.0,5.0,4.0,1.0,0.0,1.0,2.0,8569.0,690.0,1.0,1.0,27.0,0.7494999067839067,0.06028586704823427,0.021676696385775282,114714.0,1.0,1.0,1.0,1.0,1.0,1.0,2.0,1.0,5.0,0,synthetic_benign,synthetic_benign_98
26.0,3.0,1.0,0.0,0.3321735788757859,0.0,4.327960008257069,0.0,2.0,2.0,0.450885189426555,2.0,1.0,1.0,3.0,1.0,0.0,1.0,1.0,1.0,4.0,299.0,0.0,1.0,5.0,0.20073219167607056,0.2652447728095913,0.21508128980724484,2650.0,1.0,0.0,0.0,0.0,0.0,2.0,1.0,0.0,2.0,1,synthetic,synthetic_malicious_85
33.0,4.0,0.0,0.0,0.23587227997440047,1.0,3.1946329742022117,0.0,2.0,2.0,0.6433013695473017,1.0,3.0,1.0,1.0,1.0,0.0,0.0,0.0,1.0,3.0,351.0,0.0,0.0,5.0,0.34960181568917925,0.530403108008642,0.24717239977912903,3828.0,1.0,0.0,0.0,0.0,0.0,2.0,2.0,2.0,0.0,1,synthetic,synthetic_malicious_184
9.0,2.0,0.0,0.0,0.0,0.0,1.9219280948873623,0.0,42.0,3.0,0.07142857142857142,2.0,4.0,1.0,3.0,2.0,1.0,0.0,1.0,1.0,10547.0,46.0,0.0,0.0,4.0,1.0,0.0,0.0,2198.5,1.0,0.0,0.0,0.0,0.0,0.0,32.0,1.0,0.0,0,osint_scan,hello.com
40.0,2.0,1.0,0.0,0.0805580625538501,1.0,2.8576236410196527,0.0,0.0,0.0,0.22075418896689758,2.0,1.0,1.0,1.0,0.0,0.0,0.0,0.0,1.0,120.0,207.0,0.0,0.0,3.0,0.19453032934274342,0.21101830926460657,0.24059673078133476,4256.0,0.0,0.0,0.0,0.0,0.0,2.0,2.0,2.0,3.0,1,synthetic,synthetic_malicious_170
38.0,3.0,0.0,0.0,0.1636222991708029,1.0,4.131844312107685,2.0,1.0,2.0,0.772181971548139,0.0,2.0,0.0,3.0,2.0,0.0,0.0,0.0,1.0,175.0,225.0,0.0,1.0,5.0,0.37543890180497985,0.608423514821324,0.06619171125649591,2201.0,1.0,0.0,0.0,0.0,0.0,2.0,2.0,1.0,2.0,1,synthetic,synthetic_malicious_255
14.0,2.0,0.0,0.0,0.007749306366662223,0.0,2.912415353403299,0.0,17.0,0.0,0.000706264586643507,1.0,3.0,7.0,8.0,12.0,1.0,1.0,1.0,4.0,5949.0,3356.0,1.0,2.0,50.0,0.6290244858951993,0.1478164287179403,0.045018407420668594,348080.0,1.0,1.0,1.0,1.0,1.0,4.0,3.0,1.0,3.0,0,synthetic_benign,synthetic_benign_145
6.0,3.0,0.0,0.0,0.014504280924764069,0.0,1.7994733830423715,0.0,54.0,1.0,0.025316832333015744,2.0,3.0,2.0,5.0,4.0,1.0,1.0,1.0,4.0,8531.0,1094.0,1.0,4.0,30.0,0.5600613941142678,0.005001423744794176,0.029167536134314394,165502.0,1.0,1.0,1.0,1.0,1.0,5.0,3.0,0.0,19.0,0,synthetic_benign,synthetic_benign_137
42.0,5.0,0.0,0.0,0.1545144283303342,1.0,4.2832830839370235,3.0,1.0,1.0,0.17553730769714893,1.0,2.0,0.0,2.0,1.0,0.0,0.0,0.0,2.0,31.0,348.0,0.0,1.0,5.0,0.38219599151238703,0.21355102317015623,0.19282489440280073,1111.0,0.0,0.0,0.0,0.0,0.0,1.0,1.0,1.0,3.0,1,synthetic,synthetic_malicious_14
39.0,4.0,0.0,0.0,0.11131675477829042,1.0,3.3844588088404057,2.0,1.0,2.0,0.3487079896616025,1.0,1.0,1.0,2.0,1.0,0.0,0.0,0.0,2.0,104.0,283.0,0.0,1.0,5.0,0.11834856515685435,0.2440298963878943,0.07571965528266231,949.0,0.0,0.0,0.0,0.0,0.0,2.0,1.0,1.0,0.0,1,synthetic,synthetic_malicious_21
9.0,2.0,0.0,0.0,0.0,0.0,2.321928094887362,0.0,790.0,60.0,0.0759493670886076,6.0,10.0,1.0,7.0,30.0,1.0,0.0,1.0,2.0,12185.0,-1.0,1.0,3.0,6.0,0.0,0.3333333333333333,0.3333333333333333,208.16666666666666,0.0,0.0,0.0,0.0,0.0,0.0,3.0,3.0,0.0,0,osint_scan,tesla.com
29.0,2.0,0.0,0.0,0.263605659733877,1.0,3.484114588922716,1.0,3.0,0.0,0.4911730327805171,0.0,2.0,1.0,1.0,0.0,1.0,0.0,0.0,2.0,3.0,284.0,1.0,0.0,1.0,0.4323029182496809,0.3332182405576388,0.21001655980161768,3205.0,0.0,0.0,0.0,0.0,0.0,2.0,0.0,2.0,1.0,1,synthetic,synthetic_malicious_160
9.0,3.0,0.0,0.0,0.04634650434206361,0.0,2.6054765019432686,0.0,39.0,2.0,0.009639863073495398,1.0,2.0,6.0,2.0,12.0,1.0,0.0,1.0,4.0,7858.0,3026.0,1.0,2.0,9.0,0.5735057252406413,0.19515909780414195,0.015298672779952754,106870.0,1.0,1.0,1.0,1.0,1.0,1.0,4.0,1.0,3.0,0,synthetic_benign,synthetic_benign_90
14.0,2.0,0.0,0.0,0.017107451128266584,0.0,1.9194801136762032,0.0,93.0,3.0,0.035813090798248834,1.0,1.0,7.0,2.0,13.0,1.0,1.0,1.0,2.0,4556.0,3132.0,1.0,2.0,39.0,0.5590369069149036,0.09459994226248603,0.0273115691706191,351941.0,1.0,1.0,1.0,1.0,1.0,3.0,5.0,0.0,6.0,0,synthetic_benign,synthetic_benign_68
8.0,3.0,0.0,0.0,0.01512320958370299,0.0,2.9729165293762105,0.0,100.0,2.0,0.04073261213785751,1.0,3.0,4.0,5.0,15.0,1.0,1.0,1.0,4.0,865.0,3039.0,1.0,4.0,5.0,0.8056207091227416,0.0983337647298813,0.012940192036476162,489213.0,1.0,1.0,1.0,1.0,1.0,3.0,0.0,1.0,2.0,0,synthetic_benign,synthetic_benign_25
29.0,3.0,1.0,0.0,0.05999995255696952,0.0,4.220737634826785,2.0,3.0,1.0,0.7799852363520757,2.0,2.0,1.0,1.0,2.0,0.0,0.0,0.0,2.0,133.0,357.0,0.0,1.0,3.0,0.34082584135110716,0.3135642223235509,0.026866206769332966,2522.0,0.0,0.0,0.0,1.0,0.0,0.0,1.0,1.0,3.0,1,synthetic,synthetic_malicious_126
36.0,5.0,0.0,1.0,0.2346858255963889,1.0,4.4287258120149104,1.0,2.0,1.0,0.7961194853287158,2.0,2.0,1.0,3.0,1.0,0.0,0.0,0.0,1.0,149.0,142.0,1.0,0.0,2.0,0.13370016405515375,0.21570647902650908,0.09912854672414961,4211.0,1.0,0.0,0.0,0.0,0.0,2.0,2.0,1.0,1.0,1,synthetic,synthetic_malicious_4
41.0,4.0,0.0,1.0,0.056043340295316636,1.0,2.5740075255317314,2.0,3.0,2.0,0.6754602644241358,0.0,2.0,0.0,3.0,0.0,0.0,0.0,0.0,1.0,111.0,122.0,0.0,1.0,3.0,0.5345276858468686,0.2636112400420715,0.18910145351550425,1203.0,0.0,0.0,0.0,0.0,0.0,2.0,1.0,2.0,2.0,1,synthetic,synthetic_malicious_298
41.0,4.0,0.0,0.0,0.2714041495775424,1.0,3.7483351784107763,2.0,2.0,2.0,0.10613738287291224,2.0,3.0,0.0,3.0,2.0,0.0,0.0,1.0,2.0,142.0,275.0,0.0,1.0,5.0,0.2429639901126818,0.6236505457102743,0.24249143379800878,4282.0,1.0,0.0,0.0,1.0,0.0,0.0,1.0,2.0,2.0,1,synthetic,synthetic_malicious_105
22.0,4.0,0.0,1.0,0.2716286334388653,1.0,2.8878074125338005,2.0,2.0,2.0,0.7665786791977203,2.0,1.0,0.0,1.0,0.0,0.0,0.0,1.0,1.0,44.0,351.0,0.0,1.0,5.0,0.421495915335783,0.6932659738679297,0.09696247249300821,2589.0,1.0,0.0,0.0,0.0,0.0,0.0,1.0,2.0,0.0,1,synthetic,synthetic_malicious_35
35.0,2.0,1.0,0.0,0.12461129615256786,0.0,4.171330155490738,1.0,3.0,2.0,0.6534034785017437,0.0,3.0,0.0,1.0,1.0,0.0,1.0,1.0,1.0,63.0,315.0,1.0,0.0,3.0,0.30381638924789656,0.4255628318720208,0.12133440621128312,2591.0,1.0,0.0,0.0,0.0,0.0,2.0,2.0,0.0,0.0,1,synthetic,synthetic_malicious_109
38.0,2.0,0.0,0.0,0.23282070562647728,1.0,4.3646746880416565,0.0,2.0,1.0,0.711348700798391,0.0,3.0,1.0,1.0,2.0,0.0,0.0,0.0,1.0,48.0,176.0,0.0,1.0,4.0,0.4355620209785209,0.3363271033366051,0.047248804435812405,937.0,1.0,0.0,0.0,0.0,0.0,1.0,1.0,0.0,2.0,1,synthetic,synthetic_malicious_149
35.0,4.0,0.0,1.0,0.38507618789932935,1.0,3.409957345541341,2.0,3.0,2.0,0.4393876070546918,1.0,3.0,0.0,1.0,2.0,0.0,0.0,1.0,2.0,134.0,215.0,1.0,0.0,1.0,0.5143870269792126,0.6514440801199043,0.060647033689994356,4396.0,1.0,0.0,0.0,0.0,0.0,2.0,1.0,0.0,3.0,1,synthetic,synthetic_malicious_55
18.0,2.0,0.0,0.0,0.3191369555366585,0.0,2.9300461326549936,3.0,1.0,1.0,0.27114529506814017,1.0,2.0,1.0,3.0,0.0,0.0,0.0,0.0,1.0,174.0,272.0,1.0,0.0,1.0,0.31593825927587016,0.5722944845959395,0.11179405781277107,1065.0,0.0,0.0,0.0,0.0,0.0,1.0,2.0,1.0,0.0,1,synthetic,synthetic_malicious_31
5.0,2.0,0.0,0.0,0.002860858891136131,0.0,2.329994844480146,0.0,38.0,0.0,0.03187870692488871,1.0,1.0,5.0,7.0,10.0,1.0,1.0,1.0,4.0,4859.0,3348.0,1.0,2.0,28.0,0.5890053994470222,0.01906970631106313,0.025386249116439365,338596.0,1.0,1.0,1.0,1.0,1.0,4.0,2.0,1.0,6.0,0,synthetic_benign,synthetic_benign_76
18.0,5.0,1.0,0.0,0.3902577074182149,0.0,2.7523719972770797,3.0,0.0,2.0,0.3483145964260058,2.0,1.0,1.0,2.0,2.0,0.0,0.0,0.0,2.0,140.0,196.0,0.0,1.0,1.0,0.4932753194138859,0.5115289642944041,0.15676860313494276,3437.0,1.0,0.0,0.0,0.0,0.0,0.0,0.0,2.0,0.0,1,synthetic,synthetic_malicious_90
35.0,2.0,1.0,1.0,0.12812375835208797,0.0,3.8533989748458226,0.0,3.0,0.0,0.023837775550456276,0.0,1.0,0.0,3.0,0.0,0.0,0.0,0.0,2.0,149.0,172.0,0.0,0.0,2.0,0.4490696974941134,0.3701252582589959,0.04664384994353447,2757.0,1.0,0.0,0.0,0.0,0.0,0.0,2.0,1.0,0.0,1,synthetic,synthetic_malicious_0
22.0,2.0,1.0,1.0,0.11998454095003257,0.0,2.6470594327299333,3.0,0.0,1.0,0.11595301756957266,2.0,2.0,0.0,2.0,1.0,0.0,0.0,0.0,2.0,50.0,201.0,1.0,0.0,3.0,0.1682507496741014,0.62582568327164,0.1375736774911519,1402.0,0.0,0.0,0.0,0.0,0.0,2.0,0.0,2.0,1.0,1,synthetic,synthetic_malicious_166
9.0,2.0,0.0,0.0,0.017356804076318934,0.0,2.99957840180982,0.0,33.0,2.0,0.03951402175792024,3.0,2.0,2.0,3.0,9.0,1.0,0.0,1.0,3.0,2101.0,1662.0,1.0,1.0,33.0,0.6617451095613399,0.015631973028060787,0.029849742005374824,163784.0,1.0,0.0,1.0,1.0,0.0,1.0,1.0,0.0,19.0,0,synthetic_benign,synthetic_benign_134
10.0,2.0,0.0,0.0,0.0,0.0,2.2516291673878226,0.0,0.0,0.0,0.0,0.0,1.0,0.0,2.0,0.0,0.0,0.0,0.0,1.0,8888.0,3165.0,0.0,0.0,0.0,0.0,0.0,0.0,0.0,0.0,0.0,0.0,0.0,0.0,0.0,15.0,1.0,0.0,0,osint_scan,bharat.com
5.0,2.0,0.0,0.0,0.04474788222420194,0.0,1.5843166900597463,0.0,52.0,1.0,0.040283983050434714,1.0,2.0,3.0,8.0,8.0,1.0,1.0,1.0,2.0,4084.0,2644.0,1.0,2.0,35.0,0.7229116634025452,0.18370670262035682,0.010406286184589431,229281.0,1.0,1.0,0.0,0.0,1.0,4.0,2.0,0.0,8.0,0,synthetic_benign,synthetic_benign_79
28.0,2.0,0.0,1.0,0.14001222760870144,1.0,2.698667266097356,1.0,2.0,0.0,0.14613514098855562,0.0,1.0,1.0,2.0,2.0,0.0,0.0,0.0,1.0,13.0,182.0,0.0,1.0,2.0,0.30641140599925454,0.3621088953984316,0.1126539474909995,990.0,1.0,0.0,0.0,0.0,0.0,2.0,1.0,0.0,2.0,1,synthetic,synthetic_malicious_208
17.0,2.0,0.0,0.0,0.034025104296232095,0.0,2.625565083195042,0.0,90.0,1.0,0.040324306587389856,3.0,2.0,6.0,4.0,12.0,1.0,1.0,1.0,4.0,1609.0,2550.0,1.0,2.0,27.0,0.7827884649236083,0.1452220160231262,0.033797934158261926,174285.0,1.0,1.0,1.0,1.0,1.0,3.0,1.0,1.0,19.0,0,synthetic_benign,synthetic_benign_56
24.0,2.0,0.0,1.0,0.2631506332748554,0.0,4.1629976410142495,1.0,2.0,2.0,0.32780498442263123,0.0,1.0,1.0,1.0,2.0,0.0,0.0,1.0,1.0,27.0,323.0,0.0,0.0,1.0,0.48976311129221817,0.23752410681383168,0.21707287453403426,2096.0,0.0,0.0,0.0,0.0,1.0,0.0,0.0,1.0,2.0,1,synthetic,synthetic_malicious_99
17.0,2.0,0.0,0.0,0.02672753233642136,0.0,2.6715127012460087,0.0,24.0,3.0,0.048669784829439205,1.0,4.0,3.0,3.0,7.0,1.0,1.0,1.0,2.0,1466.0,3039.0,1.0,3.0,50.0,0.7113506988982703,0.18401986869621523,0.0048103411142677134,115602.0,1.0,1.0,0.0,1.0,1.0,5.0,2.0,1.0,7.0,0,synthetic_benign,synthetic_benign_110
17.0,3.0,0.0,0.0,0.3820770617791487,1.0,2.8211146720519373,1.0,0.0,0.0,0.6556692038663249,0.0,3.0,0.0,3.0,0.0,0.0,0.0,0.0,1.0,24.0,139.0,0.0,1.0,3.0,0.44906645338751583,0.29256288945550407,0.2020577094504559,879.0,1.0,0.0,0.0,0.0,0.0,0.0,1.0,0.0,3.0,1,synthetic,synthetic_malicious_178
18.0,2.0,0.0,0.0,0.04051149704324244,0.0,2.9762301848528936,0.0,17.0,1.0,0.046827725135043394,2.0,2.0,7.0,7.0,7.0,1.0,0.0,1.0,4.0,5947.0,1625.0,1.0,4.0,21.0,0.5979425987050444,0.03020860775228953,0.02556474852752051,239163.0,1.0,1.0,0.0,1.0,0.0,2.0,0.0,1.0,8.0,0,synthetic_benign,synthetic_benign_83
16.0,2.0,0.0,0.0,0.0011049421414028482,0.0,2.502762596535283,0.0,16.0,2.0,0.029989339164515003,3.0,2.0,3.0,5.0,11.0,1.0,0.0,1.0,3.0,1195.0,1853.0,1.0,4.0,20.0,0.7062818041517578,0.016045767438706626,0.0036215439797318786,50579.0,1.0,0.0,1.0,1.0,1.0,5.0,3.0,0.0,14.0,0,synthetic_benign,synthetic_benign_130
28.0,5.0,0.0,1.0,0.13510336725551966,0.0,2.6209823657226674,2.0,3.0,2.0,0.7677930811149178,1.0,2.0,0.0,1.0,1.0,0.0,0.0,0.0,1.0,131.0,330.0,0.0,0.0,1.0,0.2186936777349854,0.6095918939827938,0.16783497525461508,447.0,0.0,0.0,0.0,0.0,0.0,1.0,0.0,2.0,3.0,1,synthetic,synthetic_malicious_216
22.0,2.0,1.0,0.0,0.10663099174318143,1.0,3.640761595178942,0.0,3.0,1.0,0.6174680062450404,2.0,2.0,0.0,2.0,2.0,0.0,0.0,0.0,1.0,97.0,200.0,0.0,1.0,4.0,0.4764440054811141,0.5490274919051508,0.18375037135728098,4712.0,0.0,0.0,0.0,0.0,0.0,0.0,2.0,2.0,2.0,1,synthetic,synthetic_malicious_168
15.0,2.0,0.0,0.0,0.0957503331403923,0.0,3.2444794876319953,0.0,2.0,0.0,0.017440146190890182,0.0,1.0,1.0,1.0,0.0,0.0,0.0,0.0,1.0,117.0,55.0,0.0,1.0,4.0,0.3480631956066277,0.3913647192836288,0.1279992055285138,2899.0,1.0,0.0,0.0,0.0,1.0,2.0,2.0,0.0,2.0,1,synthetic,synthetic_malicious_83
20.0,2.0,0.0,0.0,0.005426939634650851,0.0,2.599074450868893,0.0,20.0,3.0,0.015171862687714527,2.0,1.0,6.0,6.0,4.0,1.0,1.0,1.0,4.0,8560.0,3240.0,1.0,1.0,31.0,0.7595867455062693,0.04104286184591743,0.00829479918422037,51967.0,1.0,1.0,1.0,1.0,1.0,5.0,4.0,1.0,20.0,0,synthetic_benign,synthetic_benign_84
42.0,3.0,1.0,1.0,0.1534854314237572,1.0,3.234225414009079,0.0,3.0,2.0,0.14842743207771997,0.0,3.0,1.0,3.0,0.0,0.0,0.0,0.0,2.0,47.0,298.0,0.0,0.0,5.0,0.24156454176679268,0.4049022638831433,0.09660721669449834,788.0,0.0,0.0,0.0,0.0,0.0,0.0,0.0,1.0,1.0,1,synthetic,synthetic_malicious_131
16.0,2.0,0.0,0.0,0.038091472975381006,0.0,2.3624862133064317,0.0,58.0,0.0,0.04683946644240588,1.0,1.0,5.0,6.0,5.0,1.0,1.0,1.0,4.0,6581.0,1581.0,1.0,2.0,42.0,0.9158804006232772,0.1867411692969856,0.018034282893416808,119149.0,1.0,1.0,1.0,1.0,0.0,5.0,5.0,0.0,4.0,0,synthetic_benign,synthetic_benign_55
17.0,2.0,0.0,0.0,0.004972134643853316,0.0,1.5396203518534968,0.0,83.0,1.0,0.0129547470354337,2.0,2.0,8.0,3.0,13.0,1.0,0.0,1.0,3.0,9758.0,1770.0,1.0,4.0,47.0,0.6480057601390947,0.07454002140558828,0.036909979285288594,241968.0,1.0,1.0,0.0,1.0,1.0,2.0,3.0,0.0,20.0,0,synthetic_benign,synthetic_benign_10
14.0,2.0,0.0,0.0,0.0022209969554380263,0.0,2.0696588133525107,0.0,51.0,1.0,0.03571618304933698,3.0,2.0,7.0,4.0,13.0,1.0,0.0,1.0,3.0,1130.0,135.0,1.0,3.0,35.0,0.5519205995264518,0.06636997936574,0.029199070359947343,120740.0,1.0,0.0,1.0,1.0,1.0,1.0,4.0,1.0,18.0,0,synthetic_benign,synthetic_benign_24
5.0,3.0,0.0,0.0,0.016220073284023886,0.0,2.2540592539103876,0.0,84.0,1.0,0.024226381712358525,2.0,3.0,5.0,8.0,12.0,1.0,1.0,1.0,2.0,3414.0,3180.0,1.0,1.0,30.0,0.8173911963830363,0.17515802815603923,0.02402515078661215,414360.0,1.0,1.0,1.0,1.0,1.0,1.0,4.0,1.0,13.0,0,synthetic_benign,synthetic_benign_131
20.0,2.0,0.0,0.0,0.016529733791587592,0.0,2.2715526465990044,0.0,60.0,3.0,0.040598327751496695,2.0,2.0,6.0,7.0,12.0,1.0,0.0,1.0,2.0,1639.0,2207.0,1.0,3.0,6.0,0.8661221219288178,0.09520577531263069,0.04091133781036103,335589.0,1.0,1.0,1.0,1.0,1.0,5.0,1.0,0.0,5.0,0,synthetic_benign,synthetic_benign_109
37.0,4.0,0.0,1.0,0.29058472202493496,0.0,4.0756560532934625,1.0,3.0,0.0,0.43564990296846295,2.0,1.0,1.0,1.0,0.0,1.0,0.0,0.0,2.0,111.0,93.0,0.0,1.0,4.0,0.5713381203720204,0.45023608855896274,0.14813856580352527,658.0,0.0,0.0,0.0,0.0,1.0,0.0,2.0,2.0,0.0,1,synthetic,synthetic_malicious_20
29.0,4.0,0.0,1.0,0.19653128935541103,1.0,2.8993954628893617,1.0,2.0,0.0,0.5129432289635577,1.0,3.0,0.0,3.0,2.0,0.0,0.0,0.0,2.0,114.0,292.0,1.0,1.0,1.0,0.5732066315058804,0.3110190034534903,0.13533839706621267,2863.0,0.0,0.0,0.0,0.0,0.0,0.0,1.0,0.0,0.0,1,synthetic,synthetic_malicious_39
30.0,2.0,0.0,0.0,0.10310445243283475,0.0,4.398251284716062,0.0,1.0,0.0,0.4464584276941028,1.0,3.0,0.0,3.0,1.0,0.0,0.0,0.0,2.0,77.0,321.0,0.0,0.0,2.0,0.4127575152033016,0.33232306264500366,0.024356239640095288,1964.0,1.0,0.0,1.0,0.0,0.0,1.0,0.0,0.0,2.0,1,synthetic,synthetic_malicious_19
19.0,2.0,0.0,0.0,0.025192510240659022,0.0,1.5539225021047154,0.0,78.0,3.0,0.0020022737154999914,2.0,2.0,4.0,3.0,7.0,1.0,1.0,1.0,3.0,3166.0,337.0,1.0,3.0,32.0,0.6569202492887818,0.03570652336587865,0.04902573129528535,352065.0,1.0,1.0,1.0,1.0,1.0,4.0,0.0,1.0,2.0,0,synthetic_benign,synthetic_benign_54
30.0,5.0,0.0,1.0,0.08070254287065262,1.0,3.338469642392662,1.0,0.0,1.0,0.62553261347634,1.0,2.0,1.0,2.0,2.0,0.0,0.0,1.0,2.0,151.0,142.0,1.0,1.0,1.0,0.5043269417864505,0.435842192655177,0.10722986780146246,4784.0,0.0,0.0,0.0,0.0,0.0,2.0,0.0,0.0,3.0,1,synthetic,synthetic_malicious_84
19.0,4.0,0.0,1.0,0.350668636555494,1.0,4.253532626386449,3.0,2.0,0.0,0.004375563318424369,2.0,1.0,0.0,3.0,0.0,0.0,0.0,0.0,2.0,91.0,84.0,0.0,1.0,3.0,0.5274884631339642,0.41178077371668154,0.10969322833094151,2257.0,0.0,0.0,0.0,0.0,0.0,0.0,1.0,2.0,3.0,1,synthetic,synthetic_malicious_117
24.0,4.0,1.0,0.0,0.24909468060558676,1.0,3.1096395988629606,0.0,3.0,2.0,0.6786814241902022,0.0,2.0,0.0,3.0,1.0,0.0,0.0,1.0,1.0,101.0,211.0,1.0,1.0,4.0,0.19877221690395389,0.46454828126102155,0.26955298741246164,3364.0,1.0,0.0,0.0,0.0,0.0,1.0,1.0,1.0,2.0,1,synthetic,synthetic_malicious_248
15.0,5.0,0.0,0.0,0.21872321957663654,1.0,4.3700843750179015,2.0,2.0,2.0,0.24226246118911982,0.0,3.0,0.0,2.0,2.0,0.0,0.0,0.0,2.0,164.0,133.0,0.0,0.0,4.0,0.43036704432592976,0.3494351725871946,0.11703141755564667,874.0,0.0,0.0,0.0,0.0,0.0,0.0,0.0,0.0,0.0,1,synthetic,synthetic_malicious_161
25.0,3.0,0.0,0.0,0.2742934905189531,1.0,3.218971999500779,2.0,3.0,1.0,0.356286378852973,1.0,2.0,0.0,1.0,2.0,0.0,0.0,0.0,1.0,136.0,130.0,0.0,0.0,1.0,0.5460525923171278,0.6247936364530708,0.18948794833837648,4766.0,0.0,0.0,0.0,1.0,0.0,2.0,1.0,2.0,1.0,1,synthetic,synthetic_malicious_112
24.0,2.0,0.0,0.0,0.3318856467382261,0.0,3.6311944531596767,1.0,2.0,1.0,0.22762839595629192,2.0,3.0,0.0,3.0,1.0,0.0,0.0,0.0,1.0,91.0,262.0,1.0,1.0,4.0,0.1409735817173444,0.23109683627220512,0.2665527890549525,3901.0,1.0,0.0,0.0,0.0,0.0,1.0,1.0,2.0,3.0,1,synthetic,synthetic_malicious_204
31.0,2.0,1.0,0.0,0.36387279922827825,1.0,3.975826567836074,1.0,0.0,0.0,0.11004438623502032,1.0,2.0,0.0,1.0,1.0,0.0,1.0,0.0,2.0,83.0,98.0,0.0,0.0,5.0,0.49588988564002323,0.4074467005135358,0.24381316219669974,194.0,1.0,0.0,0.0,0.0,1.0,2.0,0.0,2.0,1.0,1,synthetic,synthetic_malicious_229
15.0,3.0,0.0,0.0,0.0320069916649891,0.0,1.710600546750133,0.0,37.0,2.0,0.035040650089155696,1.0,4.0,4.0,3.0,6.0,1.0,0.0,1.0,3.0,370.0,741.0,1.0,4.0,10.0,0.8451922518607413,0.13407408809232346,0.027055610240857498,431519.0,1.0,1.0,1.0,1.0,1.0,5.0,5.0,0.0,2.0,0,synthetic_benign,synthetic_benign_112
11.0,2.0,0.0,0.0,0.039581620948151264,0.0,2.576205825613444,0.0,15.0,1.0,0.006979306998834878,2.0,2.0,8.0,5.0,6.0,1.0,1.0,1.0,4.0,3338.0,1456.0,1.0,4.0,7.0,0.6891527713301497,0.12782239513454208,0.038162312563440645,48187.0,1.0,0.0,1.0,1.0,1.0,2.0,2.0,1.0,11.0,0,synthetic_benign,synthetic_benign_133
19.0,2.0,0.0,1.0,0.24853501462245497,1.0,3.551675400661807,3.0,3.0,0.0,0.17958715983369178,0.0,1.0,1.0,2.0,2.0,0.0,0.0,0.0,1.0,71.0,126.0,0.0,1.0,2.0,0.1143865581236517,0.6880640814520398,0.07064568761962704,3694.0,0.0,0.0,0.0,0.0,1.0,0.0,1.0,2.0,3.0,1,synthetic,synthetic_malicious_190
37.0,4.0,0.0,1.0,0.24052252173093003,1.0,3.8073506262677688,2.0,0.0,2.0,0.20126912818150977,0.0,3.0,1.0,2.0,1.0,0.0,0.0,0.0,1.0,111.0,114.0,0.0,1.0,2.0,0.17512020389328029,0.2786786763452848,0.18060608294003314,969.0,0.0,0.0,0.0,0.0,0.0,1.0,0.0,2.0,1.0,1,synthetic,synthetic_malicious_114
44.0,3.0,0.0,0.0,0.1888212209216823,1.0,3.1432300176548047,2.0,3.0,1.0,0.42692010193301044,1.0,2.0,1.0,2.0,2.0,0.0,0.0,0.0,2.0,80.0,134.0,0.0,1.0,1.0,0.38126236373217715,0.31063704915811263,0.04377681393076457,2136.0,0.0,0.0,0.0,0.0,0.0,0.0,1.0,2.0,1.0,1,synthetic,synthetic_malicious_60
27.0,4.0,0.0,0.0,0.0670326431866243,1.0,2.9034761030796252,1.0,2.0,0.0,0.15998855287662997,0.0,2.0,0.0,1.0,1.0,0.0,0.0,1.0,1.0,169.0,115.0,0.0,0.0,4.0,0.35625005032004353,0.6078121681777442,0.09680387279850418,1552.0,0.0,0.0,0.0,0.0,0.0,0.0,1.0,1.0,1.0,1,synthetic,synthetic_malicious_227
40.0,2.0,0.0,1.0,0.20987946649915662,1.0,3.4247566114778474,2.0,0.0,1.0,0.20356577525408995,0.0,3.0,0.0,3.0,0.0,1.0,0.0,1.0,1.0,16.0,271.0,1.0,1.0,2.0,0.4844860312917414,0.5829138414618558,0.2934999854772303,3443.0,0.0,0.0,0.0,0.0,0.0,0.0,2.0,2.0,1.0,1,synthetic,synthetic_malicious_56
7.0,3.0,0.0,0.0,0.006025182242906102,0.0,1.6698556660045507,0.0,67.0,1.0,0.016040403287099853,2.0,1.0,8.0,2.0,13.0,1.0,0.0,1.0,4.0,3414.0,2146.0,1.0,2.0,6.0,0.8216090295822553,0.1940029167460041,0.04759680358275117,143745.0,1.0,1.0,1.0,1.0,1.0,5.0,4.0,0.0,5.0,0,synthetic_benign,synthetic_benign_116
15.0,5.0,0.0,1.0,0.12446877889761011,1.0,3.8159234049183857,2.0,2.0,0.0,0.05386501482403308,0.0,2.0,1.0,3.0,1.0,0.0,0.0,0.0,1.0,63.0,78.0,0.0,1.0,2.0,0.2660232736741418,0.5176767258410017,0.2651901096574033,2604.0,0.0,0.0,0.0,1.0,0.0,1.0,1.0,2.0,1.0,1,synthetic,synthetic_malicious_228
30.0,5.0,0.0,1.0,0.1638301411436826,0.0,4.224420976567638,1.0,3.0,2.0,0.01579711075899919,2.0,3.0,1.0,1.0,2.0,0.0,0.0,0.0,1.0,52.0,90.0,0.0,0.0,1.0,0.3773608842761549,0.600256485917777,0.03691359096573999,1055.0,0.0,0.0,0.0,0.0,0.0,0.0,0.0,2.0,2.0,1,synthetic,synthetic_malicious_242
34.0,5.0,1.0,0.0,0.24574031806194113,1.0,3.2629109680903414,0.0,3.0,0.0,0.6916661953900806,2.0,3.0,0.0,2.0,1.0,0.0,0.0,0.0,1.0,85.0,363.0,0.0,0.0,4.0,0.35860644626689575,0.49390667823136336,0.032401976963929054,100.0,0.0,0.0,0.0,0.0,0.0,2.0,2.0,1.0,2.0,1,synthetic,synthetic_malicious_215
35.0,2.0,0.0,1.0,0.0569680595350604,0.0,2.6678590821311587,2.0,0.0,1.0,0.7174185953344956,2.0,3.0,0.0,2.0,2.0,0.0,0.0,0.0,1.0,132.0,327.0,0.0,1.0,4.0,0.5422824311638206,0.31903842762046053,0.03668305003611193,2567.0,1.0,0.0,0.0,0.0,0.0,1.0,0.0,0.0,0.0,1,synthetic,synthetic_malicious_186
41.0,3.0,0.0,1.0,0.3185957399525888,1.0,3.9333161362583517,2.0,3.0,0.0,0.07794961785864798,2.0,1.0,0.0,2.0,1.0,0.0,0.0,0.0,2.0,178.0,84.0,1.0,0.0,4.0,0.17022459366112444,0.5584280563239413,0.21646772863539476,876.0,1.0,0.0,0.0,0.0,0.0,0.0,2.0,1.0,0.0,1,synthetic,synthetic_malicious_103
43.0,2.0,0.0,1.0,0.21446267316707918,0.0,3.330157737780417,2.0,2.0,1.0,0.602953823481944,1.0,1.0,1.0,2.0,2.0,1.0,0.0,0.0,2.0,163.0,92.0,0.0,0.0,1.0,0.21200717854438064,0.6127282649665922,0.041620327022229904,2644.0,0.0,0.0,0.0,1.0,0.0,1.0,2.0,0.0,0.0,1,synthetic,synthetic_malicious_277
37.0,5.0,0.0,1.0,0.25244376210968134,0.0,3.732206274563545,3.0,2.0,0.0,0.08387831720293813,0.0,2.0,0.0,1.0,2.0,0.0,0.0,0.0,1.0,122.0,199.0,0.0,1.0,2.0,0.3001562833199073,0.6130421615759956,0.002017616546490353,81.0,1.0,1.0,0.0,0.0,0.0,2.0,1.0,0.0,0.0,1,synthetic,synthetic_malicious_217
40.0,3.0,1.0,1.0,0.0806881192250839,1.0,3.9811624376803705,1.0,0.0,2.0,0.2941896207774726,1.0,2.0,0.0,2.0,0.0,0.0,0.0,0.0,2.0,80.0,216.0,0.0,0.0,5.0,0.4318713888586224,0.49538799160026586,0.03197577684069958,75.0,0.0,0.0,0.0,0.0,0.0,1.0,2.0,1.0,1.0,1,synthetic,synthetic_malicious_238
30.0,3.0,0.0,1.0,0.36349530157394505,1.0,3.2268986909400956,1.0,2.0,1.0,0.36262645415965755,0.0,1.0,1.0,1.0,1.0,0.0,0.0,0.0,2.0,153.0,324.0,1.0,0.0,4.0,0.5087764461125176,0.5983788866809803,0.0977609184894335,581.0,0.0,0.0,0.0,0.0,0.0,2.0,0.0,1.0,3.0,1,synthetic,synthetic_malicious_151
13.0,2.0,0.0,1.0,0.014810457707066233,0.0,2.939770178718954,0.0,76.0,1.0,0.00277952986479601,2.0,4.0,2.0,8.0,13.0,1.0,0.0,1.0,3.0,2302.0,459.0,1.0,2.0,18.0,0.5569925804522263,0.08660186385182825,0.03218084134973616,363500.0,1.0,0.0,1.0,0.0,1.0,1.0,1.0,0.0,14.0,0,synthetic_benign,synthetic_benign_99
17.0,3.0,1.0,0.0,0.34760263368107874,1.0,2.7421101301346305,0.0,2.0,2.0,0.3427024105877956,1.0,1.0,1.0,1.0,1.0,0.0,0.0,0.0,2.0,180.0,108.0,0.0,1.0,5.0,0.504099609403378,0.46908645322412784,0.14504925116495884,3568.0,0.0,0.0,0.0,0.0,0.0,1.0,1.0,0.0,3.0,1,synthetic,synthetic_malicious_16
32.0,2.0,0.0,1.0,0.31441544530520943,1.0,4.031738406873275,2.0,1.0,0.0,0.4385697565891974,0.0,2.0,1.0,2.0,0.0,0.0,0.0,0.0,2.0,55.0,164.0,1.0,0.0,5.0,0.48226914703830726,0.6549772017196425,0.24227248212827268,2227.0,1.0,0.0,0.0,0.0,0.0,0.0,0.0,1.0,0.0,1,synthetic,synthetic_malicious_127
15.0,5.0,1.0,1.0,0.3266785448867232,0.0,3.537926492393529,2.0,2.0,0.0,0.7673284743558613,1.0,1.0,1.0,1.0,2.0,0.0,0.0,0.0,2.0,31.0,355.0,0.0,0.0,4.0,0.5520856861700302,0.4586385390104489,0.13122047610052565,815.0,0.0,0.0,0.0,0.0,0.0,2.0,1.0,2.0,1.0,1,synthetic,synthetic_malicious_271
37.0,4.0,1.0,1.0,0.21584642230070722,1.0,2.952546120170199,3.0,0.0,1.0,0.7601584339919331,0.0,3.0,0.0,1.0,0.0,0.0,0.0,0.0,2.0,175.0,196.0,0.0,0.0,4.0,0.3024333841212642,0.2209131375250591,0.22059953396989818,3116.0,0.0,0.0,0.0,0.0,0.0,2.0,2.0,0.0,0.0,1,synthetic,synthetic_malicious_141
36.0,2.0,1.0,1.0,0.12708946116848602,0.0,3.214388810065869,0.0,1.0,2.0,0.5928099435317878,1.0,2.0,0.0,3.0,0.0,0.0,0.0,0.0,2.0,159.0,308.0,0.0,1.0,5.0,0.18747612411271528,0.6551636676455526,0.10465351690648846,2713.0,0.0,0.0,0.0,0.0,1.0,2.0,2.0,1.0,0.0,1,synthetic,synthetic_malicious_283
43.0,2.0,1.0,1.0,0.266696707638398,1.0,2.850534806373308,0.0,1.0,0.0,0.7850012978013139,0.0,3.0,0.0,3.0,1.0,0.0,0.0,0.0,1.0,56.0,194.0,0.0,1.0,5.0,0.440113369460885,0.3385726669969409,0.019010754017860686,2828.0,0.0,0.0,0.0,0.0,0.0,2.0,1.0,1.0,2.0,1,synthetic,synthetic_malicious_169
31.0,4.0,0.0,0.0,0.25545165009782633,1.0,4.191035605339119,1.0,2.0,2.0,0.472134691981983,2.0,1.0,1.0,1.0,0.0,0.0,0.0,0.0,2.0,106.0,335.0,1.0,1.0,4.0,0.19287684964638283,0.5177508210293176,0.2080298779588066,1419.0,0.0,0.0,0.0,0.0,0.0,0.0,1.0,0.0,3.0,1,synthetic,synthetic_malicious_70
28.0,4.0,0.0,1.0,0.20775514701724968,1.0,4.45854490363438,1.0,0.0,2.0,0.21595928552202928,0.0,3.0,1.0,2.0,0.0,0.0,0.0,1.0,1.0,44.0,245.0,0.0,1.0,4.0,0.2500170910767243,0.48106922603585556,0.1703503557615935,3263.0,1.0,0.0,0.0,0.0,0.0,0.0,1.0,2.0,2.0,1,synthetic,synthetic_malicious_123
44.0,5.0,1.0,1.0,0.27002392982305523,0.0,3.223270052333953,1.0,0.0,0.0,0.5290106548541681,1.0,1.0,0.0,1.0,1.0,0.0,0.0,0.0,2.0,89.0,137.0,0.0,0.0,5.0,0.4174891440985301,0.46706993851485396,0.07344327754542786,3786.0,0.0,0.0,0.0,0.0,0.0,0.0,0.0,0.0,2.0,1,synthetic,synthetic_malicious_1
13.0,3.0,0.0,0.0,0.011456586765775696,0.0,2.975564452697203,0.0,12.0,2.0,0.022573509002063404,3.0,2.0,8.0,8.0,11.0,1.0,0.0,1.0,2.0,7388.0,2429.0,1.0,1.0,16.0,0.6991409353716095,0.10618735246078602,0.008380326605426064,92692.0,1.0,1.0,1.0,1.0,1.0,5.0,0.0,0.0,20.0,0,synthetic_benign,synthetic_benign_123
25.0,2.0,1.0,0.0,0.11149318065654482,1.0,3.9073425267653272,2.0,0.0,1.0,0.6894114896180709,0.0,2.0,0.0,2.0,0.0,0.0,0.0,0.0,2.0,73.0,88.0,0.0,1.0,2.0,0.5006610771552261,0.5090626316521201,0.24960777392151212,2964.0,1.0,0.0,0.0,0.0,0.0,1.0,1.0,2.0,2.0,1,synthetic,synthetic_malicious_34
33.0,3.0,0.0,0.0,0.29021133882643496,1.0,3.451470403470494,2.0,2.0,0.0,0.67251095567712,2.0,1.0,1.0,1.0,1.0,0.0,0.0,0.0,1.0,173.0,201.0,0.0,0.0,3.0,0.21166396269280432,0.6357161160822409,0.1261417704554433,2714.0,0.0,0.0,0.0,0.0,1.0,2.0,2.0,2.0,0.0,1,synthetic,synthetic_malicious_95
36.0,3.0,0.0,0.0,0.23059786566390567,1.0,3.1619793111063386,3.0,3.0,0.0,0.6382046306434122,2.0,1.0,0.0,3.0,2.0,0.0,1.0,0.0,1.0,114.0,333.0,0.0,0.0,2.0,0.20289223968366096,0.5761627476802458,0.24261893658937822,512.0,0.0,0.0,0.0,0.0,0.0,0.0,1.0,2.0,3.0,1,synthetic,synthetic_malicious_69
16.0,2.0,0.0,1.0,0.015665388337688102,0.0,1.9037639838457625,0.0,45.0,0.0,0.036783520533429474,2.0,1.0,3.0,2.0,8.0,1.0,1.0,1.0,3.0,2328.0,2125.0,1.0,3.0,20.0,0.6374238881076272,0.14997222330503523,0.03180352463315705,321302.0,1.0,0.0,1.0,1.0,1.0,3.0,2.0,0.0,11.0,0,synthetic_benign,synthetic_benign_102
5.0,2.0,0.0,0.0,0.025631372977898234,0.0,2.962087688576739,0.0,94.0,2.0,0.04746674808586867,3.0,4.0,3.0,4.0,9.0,1.0,1.0,1.0,3.0,9457.0,762.0,1.0,3.0,38.0,0.7725307401531135,0.11728152496043028,0.003404835886470725,110087.0,1.0,1.0,1.0,1.0,1.0,2.0,5.0,0.0,13.0,0,synthetic_benign,synthetic_benign_107
34.0,2.0,1.0,0.0,0.36288843745299204,1.0,3.698769951434178,0.0,0.0,0.0,0.6851526594441282,0.0,2.0,0.0,1.0,2.0,0.0,0.0,0.0,1.0,162.0,262.0,0.0,1.0,4.0,0.4461107459045629,0.5337896010647732,0.23103588295743788,2108.0,1.0,0.0,0.0,0.0,0.0,0.0,1.0,1.0,1.0,1,synthetic,synthetic_malicious_159
30.0,4.0,0.0,0.0,0.3882778935376203,1.0,3.481191165161565,1.0,2.0,0.0,0.11196682286449385,2.0,2.0,0.0,3.0,2.0,0.0,0.0,0.0,1.0,170.0,54.0,0.0,1.0,2.0,0.5212723584126743,0.31571669603872277,0.21215086911103795,74.0,1.0,0.0,0.0,0.0,0.0,1.0,2.0,1.0,0.0,1,synthetic,synthetic_malicious_61
45.0,4.0,1.0,0.0,0.2762551521717774,1.0,3.45305790013491,0.0,1.0,1.0,0.44463252362768757,2.0,3.0,1.0,2.0,2.0,1.0,0.0,0.0,1.0,170.0,257.0,0.0,1.0,4.0,0.513733417545672,0.3789828702313863,0.05315599107551376,69.0,1.0,0.0,0.0,1.0,0.0,1.0,2.0,2.0,2.0,1,synthetic,synthetic_malicious_211
27.0,3.0,0.0,1.0,0.2583171534604998,0.0,4.003080417339227,2.0,0.0,1.0,0.3310956542897092,1.0,1.0,1.0,2.0,1.0,0.0,0.0,1.0,1.0,50.0,77.0,0.0,0.0,4.0,0.5524779003115531,0.2770388885967868,0.10203477127172819,3960.0,0.0,0.0,0.0,0.0,0.0,2.0,2.0,0.0,1.0,1,synthetic,synthetic_malicious_148
15.0,3.0,0.0,1.0,0.04982177220449963,0.0,1.6527853651747364,0.0,59.0,2.0,0.044511324060981496,3.0,4.0,2.0,2.0,4.0,1.0,0.0,1.0,2.0,9888.0,748.0,1.0,3.0,22.0,0.6859318449583413,0.04252718884048959,0.045327511212522764,476768.0,1.0,1.0,1.0,1.0,1.0,1.0,4.0,0.0,13.0,0,synthetic_benign,synthetic_benign_114
30.0,3.0,0.0,0.0,0.14809331811411547,1.0,3.6533303726948194,0.0,3.0,1.0,0.7517235370920178,0.0,3.0,1.0,2.0,2.0,0.0,0.0,1.0,2.0,79.0,34.0,1.0,0.0,4.0,0.39050410948972336,0.3627180999577132,0.1838334289085314,2127.0,1.0,0.0,0.0,0.0,0.0,0.0,1.0,1.0,1.0,1,synthetic,synthetic_malicious_122
21.0,3.0,0.0,1.0,0.1320346071464195,1.0,3.350045709143712,3.0,1.0,1.0,0.20362339347929936,0.0,1.0,0.0,2.0,1.0,0.0,0.0,1.0,2.0,108.0,260.0,0.0,1.0,3.0,0.50225223264673,0.3585102128722498,0.1147112779871781,1471.0,0.0,0.0,0.0,0.0,0.0,2.0,2.0,2.0,0.0,1,synthetic,synthetic_malicious_220
16.0,3.0,0.0,0.0,0.014342308821378526,0.0,2.0417586312039413,0.0,76.0,1.0,0.017747867664015073,1.0,3.0,8.0,3.0,4.0,1.0,1.0,1.0,4.0,8043.0,1052.0,1.0,1.0,30.0,0.6531170930099065,0.004840429330039498,0.022541082827877635,204552.0,1.0,1.0,1.0,1.0,0.0,3.0,3.0,0.0,5.0,0,synthetic_benign,synthetic_benign_94
36.0,3.0,0.0,0.0,0.30763643688722386,1.0,2.6905588441640136,0.0,0.0,1.0,0.7448516859700766,1.0,2.0,0.0,1.0,1.0,0.0,0.0,0.0,2.0,32.0,316.0,1.0,0.0,3.0,0.1849332492938143,0.4464199138072391,0.10175302075869606,3834.0,1.0,0.0,0.0,0.0,0.0,0.0,0.0,1.0,2.0,1,synthetic,synthetic_malicious_191
34.0,5.0,0.0,1.0,0.27042387949015895,1.0,3.4832845787701743,1.0,0.0,2.0,0.7936100550981284,0.0,1.0,0.0,1.0,2.0,0.0,0.0,0.0,1.0,108.0,269.0,0.0,0.0,2.0,0.3120083875076305,0.5029256174302452,0.09093021218185027,4722.0,0.0,0.0,0.0,0.0,1.0,1.0,1.0,1.0,1.0,1,synthetic,synthetic_malicious_230
17.0,3.0,0.0,0.0,0.019829029059309042,0.0,1.6299717387406996,0.0,56.0,3.0,0.025012377943147087,2.0,3.0,5.0,4.0,10.0,1.0,0.0,1.0,3.0,8112.0,3602.0,1.0,4.0,31.0,0.7236730507968958,0.021808725468052927,0.03342072516760494,33083.0,1.0,1.0,1.0,1.0,0.0,2.0,3.0,1.0,14.0,0,synthetic_benign,synthetic_benign_120
32.0,5.0,0.0,0.0,0.3915438274228993,1.0,3.4809307205342916,0.0,2.0,1.0,0.11835675070264201,1.0,2.0,1.0,2.0,0.0,0.0,0.0,0.0,1.0,54.0,257.0,0.0,1.0,4.0,0.244317009165102,0.6028363925516629,0.2911082019606015,3472.0,0.0,0.0,0.0,0.0,0.0,1.0,1.0,2.0,2.0,1,synthetic,synthetic_malicious_173
5.0,3.0,0.0,0.0,0.0036592916601081993,0.0,1.9743846590970573,0.0,15.0,1.0,0.0018610404581190676,2.0,1.0,4.0,7.0,4.0,1.0,1.0,1.0,3.0,5281.0,1407.0,1.0,3.0,32.0,0.8445874494811089,0.13718402609007224,0.022203618131112088,141382.0,1.0,1.0,1.0,1.0,1.0,2.0,2.0,1.0,11.0,0,synthetic_benign,synthetic_benign_31
39.0,3.0,0.0,1.0,0.39729760516473817,1.0,3.5465741743181227,2.0,3.0,0.0,0.27121656710411063,1.0,3.0,1.0,1.0,2.0,0.0,0.0,0.0,1.0,38.0,320.0,0.0,1.0,1.0,0.5023632221480524,0.2713112606343527,0.26113724405216193,4482.0,0.0,0.0,0.0,0.0,0.0,0.0,1.0,0.0,0.0,1,synthetic,synthetic_malicious_264
12.0,2.0,0.0,0.0,0.032910663201658676,0.0,2.850042764103769,0.0,35.0,2.0,0.02187799018098968,1.0,2.0,8.0,3.0,13.0,1.0,1.0,1.0,2.0,7363.0,1038.0,1.0,4.0,38.0,0.5207719314908419,0.019954061752650954,0.016955657896956022,260466.0,1.0,1.0,1.0,0.0,1.0,5.0,4.0,1.0,12.0,0,synthetic_benign,synthetic_benign_52
29.0,5.0,0.0,1.0,0.1924971191375206,1.0,2.644771941053408,2.0,2.0,0.0,0.642353794057886,1.0,3.0,1.0,3.0,1.0,0.0,0.0,0.0,2.0,116.0,265.0,0.0,0.0,4.0,0.1581341507204613,0.2337771303306268,0.19009853926745654,1805.0,0.0,0.0,0.0,0.0,0.0,0.0,2.0,1.0,1.0,1,synthetic,synthetic_malicious_120
16.0,3.0,0.0,0.0,0.0161578327771744,0.0,1.6884341931845825,0.0,86.0,2.0,0.035907890948444814,3.0,2.0,3.0,3.0,12.0,1.0,0.0,1.0,4.0,3736.0,3421.0,1.0,1.0,41.0,0.922785879249915,0.18350929216586617,0.011260668243220735,393564.0,1.0,1.0,1.0,1.0,1.0,2.0,3.0,1.0,11.0,0,synthetic_benign,synthetic_benign_72
30.0,5.0,0.0,1.0,0.35077592394061496,1.0,2.814619962202252,0.0,0.0,0.0,0.5926239699651294,0.0,1.0,0.0,1.0,0.0,0.0,0.0,1.0,1.0,140.0,365.0,0.0,1.0,2.0,0.30812829925065766,0.5601439607140986,0.08137738740294499,638.0,0.0,0.0,0.0,1.0,0.0,2.0,0.0,1.0,0.0,1,synthetic,synthetic_malicious_79
44.0,3.0,0.0,1.0,0.3265021637010897,1.0,4.36849678736504,2.0,0.0,1.0,0.580840786090826,2.0,3.0,1.0,1.0,1.0,0.0,0.0,0.0,2.0,115.0,194.0,0.0,0.0,5.0,0.2914854244648011,0.6280064879936891,0.12323252866487344,2606.0,0.0,0.0,0.0,0.0,0.0,2.0,0.0,1.0,0.0,1,synthetic,synthetic_malicious_23
16.0,2.0,0.0,0.0,0.03472129125514455,0.0,1.7911980188577792,0.0,43.0,0.0,0.0006607238251688853,1.0,4.0,6.0,5.0,11.0,1.0,1.0,1.0,3.0,3242.0,1452.0,1.0,2.0,27.0,0.8961219232560205,0.03683277811406984,0.022338989663554878,488647.0,1.0,1.0,1.0,1.0,1.0,2.0,0.0,1.0,18.0,0,synthetic_benign,synthetic_benign_146
11.0,2.0,0.0,0.0,0.0,0.0,2.521640636343318,0.0,805.0,6.0,0.007453416149068323,6.0,1.0,1.0,4.0,3.0,1.0,0.0,1.0,1.0,7699.0,-1.0,1.0,2.0,5.0,1.0,0.0,0.0,589176.2,1.0,1.0,1.0,1.0,1.0,1.0,2.0,2.0,0.0,0,osint_scan,youtube.com
12.0,3.0,0.0,0.0,0.03318023602389077,0.0,1.9182836644958907,0.0,57.0,1.0,0.04512085058925967,1.0,2.0,4.0,8.0,12.0,1.0,1.0,1.0,3.0,3569.0,2225.0,1.0,3.0,26.0,0.5191627012624249,0.01596007868016851,0.03512101770250757,140402.0,1.0,1.0,0.0,1.0,1.0,4.0,5.0,1.0,3.0,0,synthetic_benign,synthetic_benign_22
13.0,2.0,0.0,0.0,0.0014394628559403324,0.0,2.698631075301392,0.0,39.0,2.0,0.008609983166065555,2.0,1.0,3.0,2.0,9.0,1.0,1.0,1.0,4.0,2582.0,2247.0,1.0,3.0,9.0,0.6670583864842223,0.08950716506584178,0.017973180048367194,52290.0,1.0,1.0,1.0,1.0,1.0,2.0,3.0,1.0,11.0,0,synthetic_benign,synthetic_benign_15
34.0,2.0,0.0,0.0,0.23297395043618563,0.0,2.9085183988470726,2.0,1.0,1.0,0.3166286774330036,2.0,3.0,1.0,2.0,1.0,0.0,0.0,1.0,1.0,17.0,305.0,0.0,1.0,2.0,0.5666296889968545,0.6404320868432197,0.26378107274536283,3027.0,1.0,0.0,0.0,0.0,0.0,2.0,2.0,0.0,2.0,1,synthetic,synthetic_malicious_7
7.0,2.0,0.0,0.0,0.04333933960766061,0.0,2.283163401722632,0.0,62.0,0.0,0.006731056189584689,1.0,2.0,3.0,3.0,4.0,1.0,1.0,1.0,3.0,3947.0,1651.0,1.0,3.0,29.0,0.5479139054379116,0.06221256103229522,0.007099505141938429,242262.0,1.0,0.0,1.0,0.0,1.0,3.0,4.0,0.0,19.0,0,synthetic_benign,synthetic_benign_129
45.0,5.0,0.0,0.0,0.35308375066492836,0.0,3.643989587278801,2.0,0.0,2.0,0.44748225858898183,0.0,3.0,0.0,3.0,2.0,0.0,0.0,0.0,1.0,167.0,302.0,0.0,0.0,3.0,0.4933785230137594,0.32264334719512816,0.21168531068917534,4747.0,0.0,0.0,0.0,0.0,1.0,0.0,1.0,1.0,1.0,1,synthetic,synthetic_malicious_207
36.0,3.0,0.0,1.0,0.26545025819745655,1.0,2.911323363803577,2.0,2.0,2.0,0.6354773277831332,2.0,2.0,1.0,3.0,1.0,0.0,0.0,0.0,2.0,31.0,180.0,1.0,0.0,1.0,0.45167706221353354,0.6103766418199845,0.10777338916740933,2311.0,0.0,0.0,0.0,0.0,0.0,1.0,1.0,1.0,3.0,1,synthetic,synthetic_malicious_153
29.0,3.0,0.0,0.0,0.32162226751264494,1.0,4.486966882486096,1.0,2.0,2.0,0.4783341394218099,2.0,2.0,0.0,2.0,0.0,0.0,0.0,0.0,2.0,14.0,315.0,0.0,0.0,4.0,0.37792533299185627,0.2234420484762275,0.10332444893178284,3122.0,0.0,0.0,0.0,0.0,0.0,2.0,1.0,0.0,1.0,1,synthetic,synthetic_malicious_58
7.0,3.0,0.0,1.0,0.03104802957354777,0.0,2.0559336998198026,0.0,51.0,3.0,0.02244375050685384,2.0,3.0,2.0,3.0,13.0,1.0,0.0,1.0,4.0,7167.0,2087.0,1.0,1.0,17.0,0.7986156222028715,0.16773299040835704,0.011463268362141212,179335.0,1.0,1.0,1.0,1.0,1.0,2.0,3.0,0.0,3.0,0,synthetic_benign,synthetic_benign_82
11.0,2.0,0.0,0.0,0.04156300275289368,0.0,2.765252992558836,0.0,47.0,2.0,0.019897308263462837,1.0,2.0,5.0,6.0,7.0,1.0,1.0,1.0,4.0,9834.0,1986.0,1.0,1.0,46.0,0.8895396946742152,0.13229326452410148,0.015728347275869303,397724.0,1.0,1.0,1.0,1.0,1.0,1.0,5.0,1.0,8.0,0,synthetic_benign,synthetic_benign_38
31.0,2.0,0.0,0.0,0.09619400825644572,0.0,3.6367607775459216,2.0,1.0,1.0,0.7635623871527092,0.0,1.0,0.0,1.0,1.0,0.0,0.0,0.0,2.0,128.0,176.0,0.0,1.0,4.0,0.45090531931175815,0.24121390596232295,0.16096944482100461,1250.0,1.0,0.0,0.0,0.0,0.0,2.0,1.0,1.0,0.0,1,synthetic,synthetic_malicious_77
18.0,4.0,0.0,0.0,0.2694403913087595,1.0,2.567985655647554,1.0,3.0,1.0,0.24215168766965922,2.0,1.0,1.0,3.0,2.0,0.0,0.0,0.0,2.0,69.0,353.0,0.0,1.0,1.0,0.1600001928084628,0.24131849528123273,0.14676553228812514,4175.0,1.0,0.0,0.0,0.0,0.0,0.0,2.0,0.0,3.0,1,synthetic,synthetic_malicious_241
17.0,3.0,0.0,0.0,0.10607953086913958,1.0,3.1343687158743627,3.0,0.0,1.0,0.6931556706434163,1.0,2.0,1.0,2.0,2.0,0.0,0.0,1.0,1.0,177.0,163.0,0.0,1.0,4.0,0.4010579710052594,0.6067140242000211,0.22133565618120507,3713.0,0.0,0.0,0.0,0.0,0.0,2.0,0.0,0.0,3.0,1,synthetic,synthetic_malicious_188
23.0,2.0,0.0,0.0,0.06822996288513943,0.0,2.9484443314394966,0.0,0.0,0.0,0.7596893861727911,0.0,1.0,0.0,1.0,0.0,0.0,0.0,0.0,2.0,178.0,161.0,0.0,0.0,5.0,0.4036237469454659,0.5739628259776428,0.0343598614136693,1341.0,0.0,0.0,1.0,0.0,0.0,1.0,1.0,2.0,1.0,1,synthetic,synthetic_malicious_15
7.0,2.0,0.0,0.0,0.004513635717562065,0.0,1.8598068036012187,0.0,19.0,0.0,0.0019379625272591295,2.0,2.0,2.0,4.0,13.0,1.0,1.0,1.0,4.0,9325.0,1420.0,1.0,2.0,10.0,0.6869883668567996,0.04951153225419003,0.042885396833390765,150220.0,1.0,0.0,1.0,1.0,1.0,5.0,1.0,1.0,14.0,0,synthetic_benign,synthetic_benign_28
28.0,2.0,1.0,1.0,0.11010737292118625,1.0,3.8836124599738655,3.0,2.0,2.0,0.6505059836740607,2.0,2.0,1.0,2.0,0.0,0.0,1.0,1.0,1.0,177.0,126.0,0.0,0.0,4.0,0.4243116108520112,0.5248699130184211,0.1307365421401479,4412.0,1.0,0.0,0.0,0.0,1.0,0.0,0.0,2.0,3.0,1,synthetic,synthetic_malicious_197
32.0,4.0,0.0,1.0,0.28132172751034784,1.0,3.7052432554611996,3.0,1.0,2.0,0.3551267048808752,1.0,1.0,1.0,3.0,1.0,0.0,0.0,0.0,1.0,170.0,356.0,0.0,0.0,1.0,0.17138973418127487,0.5037864516604276,0.23439359092303994,285.0,1.0,0.0,0.0,0.0,0.0,0.0,2.0,0.0,3.0,1,synthetic,synthetic_malicious_43
37.0,2.0,0.0,0.0,0.274101960085548,1.0,2.9034144856120294,2.0,1.0,0.0,0.6271675562829668,2.0,3.0,0.0,3.0,0.0,0.0,0.0,0.0,1.0,21.0,171.0,0.0,1.0,4.0,0.3027254834252602,0.3001551915621113,0.004609956749362187,562.0,0.0,0.0,0.0,0.0,0.0,1.0,1.0,0.0,1.0,1,synthetic,synthetic_malicious_119
40.0,4.0,0.0,0.0,0.3572627469436192,1.0,3.8095753414270996,3.0,0.0,0.0,0.22033131362780303,0.0,3.0,1.0,1.0,1.0,0.0,0.0,0.0,2.0,67.0,220.0,1.0,1.0,3.0,0.2401733265923208,0.4458096066796585,0.20885485340249244,804.0,0.0,0.0,0.0,0.0,0.0,1.0,1.0,2.0,3.0,1,synthetic,synthetic_malicious_91
40.0,4.0,0.0,1.0,0.07497203704776548,1.0,2.9006131937169704,1.0,2.0,1.0,0.24217246618992885,2.0,2.0,0.0,3.0,2.0,0.0,0.0,0.0,2.0,1.0,183.0,0.0,1.0,4.0,0.5729075037157478,0.6109306580571598,0.2273418225094121,97.0,0.0,0.0,0.0,0.0,0.0,0.0,2.0,2.0,1.0,1,synthetic,synthetic_malicious_221
10.0,2.0,0.0,0.0,0.0,0.0,2.584962500721156,0.0,295.0,9.0,0.030508474576271188,3.0,1.0,5.0,8.0,19.0,1.0,0.0,1.0,5.0,6732.0,-1.0,1.0,2.0,13.0,0.5384615384615384,0.23076923076923078,0.0,241266.38461538462,1.0,1.0,1.0,1.0,1.0,2.0,2.0,2.0,13.0,0,osint_scan,github.com
26.0,3.0,0.0,1.0,0.3408045704744584,1.0,2.5549009797955406,0.0,1.0,2.0,0.6238641081149435,0.0,1.0,0.0,3.0,0.0,0.0,0.0,1.0,1.0,120.0,97.0,0.0,0.0,2.0,0.22619522068032574,0.6025427845977431,0.09163790951536703,2255.0,0.0,0.0,0.0,0.0,0.0,2.0,2.0,2.0,3.0,1,synthetic,synthetic_malicious_93
32.0,5.0,0.0,1.0,0.11442321912393115,1.0,2.9356154440658204,0.0,3.0,2.0,0.5662032170330237,2.0,2.0,1.0,1.0,1.0,0.0,0.0,1.0,1.0,135.0,151.0,0.0,0.0,3.0,0.5636239786929317,0.3352174277357117,0.23718639549207676,2039.0,0.0,0.0,0.0,0.0,0.0,1.0,1.0,0.0,2.0,1,synthetic,synthetic_malicious_254
5.0,3.0,0.0,0.0,0.03935489115203464,0.0,2.108035467892157,0.0,60.0,0.0,0.03157595041850302,1.0,4.0,8.0,6.0,15.0,1.0,0.0,1.0,4.0,4238.0,3081.0,1.0,1.0,18.0,0.9255657394403192,0.05375872537800659,0.015130112265223967,273976.0,1.0,1.0,1.0,1.0,1.0,2.0,5.0,1.0,10.0,0,synthetic_benign,synthetic_benign_87
37.0,3.0,1.0,0.0,0.27571753468015575,1.0,4.45465844657958,0.0,0.0,0.0,0.16913364470763775,2.0,3.0,1.0,2.0,0.0,0.0,0.0,0.0,1.0,44.0,191.0,1.0,0.0,5.0,0.17209578064178846,0.6103453707423485,0.24627071633554104,630.0,1.0,0.0,0.0,0.0,0.0,2.0,1.0,1.0,1.0,1,synthetic,synthetic_malicious_63
38.0,5.0,1.0,1.0,0.29641651881498265,1.0,2.8639686629565615,0.0,3.0,2.0,0.6514963639531932,0.0,1.0,0.0,3.0,0.0,0.0,0.0,0.0,2.0,111.0,350.0,0.0,0.0,2.0,0.1399049009871691,0.24285353190350734,0.03740447374454633,526.0,1.0,0.0,0.0,0.0,0.0,0.0,1.0,0.0,0.0,1,synthetic,synthetic_malicious_234
37.0,4.0,0.0,1.0,0.16593385775262293,1.0,3.3330805388644658,2.0,0.0,2.0,0.3796721712680484,2.0,3.0,0.0,3.0,0.0,0.0,0.0,0.0,2.0,36.0,154.0,1.0,0.0,2.0,0.10946868375330629,0.35684624172292756,0.04542937743580363,1670.0,0.0,0.0,0.0,0.0,0.0,0.0,2.0,0.0,1.0,1,synthetic,synthetic_malicious_50
44.0,2.0,0.0,1.0,0.09040003464668578,1.0,3.606447281769632,2.0,2.0,2.0,0.16850372384555445,1.0,1.0,1.0,3.0,1.0,0.0,0.0,1.0,2.0,69.0,52.0,1.0,0.0,3.0,0.18079098813694308,0.42091775593042524,0.2117002340279972,4594.0,1.0,0.0,0.0,0.0,0.0,1.0,2.0,2.0,1.0,1,synthetic,synthetic_malicious_8
10.0,2.0,0.0,0.0,0.014644651896930129,0.0,2.363525418472917,0.0,59.0,2.0,0.01644696228264883,3.0,4.0,2.0,3.0,10.0,1.0,0.0,1.0,2.0,5245.0,541.0,1.0,3.0,29.0,0.547697498727279,0.014623003257339985,0.008792585016107501,311414.0,1.0,1.0,1.0,1.0,1.0,5.0,0.0,1.0,13.0,0,synthetic_benign,synthetic_benign_85
39.0,3.0,0.0,0.0,0.13650676688676067,0.0,2.8983597526078615,0.0,1.0,1.0,0.3112983684625763,1.0,2.0,0.0,3.0,2.0,1.0,0.0,0.0,2.0,122.0,356.0,0.0,1.0,1.0,0.5318288328748002,0.30889412452755144,0.03387853779487125,3556.0,1.0,0.0,0.0,0.0,0.0,0.0,0.0,2.0,3.0,1,synthetic,synthetic_malicious_129
24.0,2.0,0.0,1.0,0.13975539141571874,1.0,2.904136014401193,2.0,2.0,0.0,0.08738126525686402,2.0,3.0,0.0,1.0,0.0,0.0,0.0,0.0,1.0,24.0,241.0,0.0,1.0,1.0,0.4405959932907151,0.2687335170998478,0.2893556301676167,1293.0,0.0,0.0,0.0,0.0,0.0,1.0,1.0,1.0,0.0,1,synthetic,synthetic_malicious_52
7.0,2.0,0.0,0.0,0.04971630678294828,0.0,2.7607737040784692,0.0,37.0,2.0,0.04618488956985786,2.0,2.0,8.0,8.0,11.0,1.0,1.0,1.0,2.0,662.0,210.0,1.0,3.0,39.0,0.9464171978143441,0.06597315225674587,0.03939212856442676,156246.0,1.0,1.0,1.0,0.0,1.0,2.0,2.0,1.0,7.0,0,synthetic_benign,synthetic_benign_48
15.0,3.0,0.0,0.0,0.041357256864335536,0.0,1.6208891885486336,0.0,91.0,3.0,0.015337331547924177,2.0,2.0,4.0,2.0,15.0,1.0,1.0,1.0,2.0,1808.0,671.0,1.0,1.0,34.0,0.9023943193305015,0.17563792278512663,0.019529680180192105,447878.0,1.0,1.0,1.0,1.0,1.0,2.0,2.0,0.0,11.0,0,synthetic_benign,synthetic_benign_34
14.0,2.0,0.0,0.0,0.04007427803291063,0.0,2.7010379563689044,0.0,99.0,0.0,0.044775162767870635,3.0,2.0,2.0,5.0,6.0,1.0,1.0,1.0,4.0,5710.0,1747.0,1.0,3.0,15.0,0.7155771932548401,0.03531045387413574,0.02731077971092325,71551.0,1.0,1.0,1.0,1.0,1.0,3.0,4.0,1.0,10.0,0,synthetic_benign,synthetic_benign_19
39.0,5.0,1.0,0.0,0.2852496203488401,1.0,4.283508709825644,3.0,1.0,1.0,0.0034701021335383333,2.0,1.0,1.0,3.0,1.0,0.0,0.0,0.0,1.0,31.0,83.0,0.0,1.0,5.0,0.5406952835048088,0.4093323729168652,0.1826981080679079,2033.0,1.0,0.0,0.0,0.0,0.0,1.0,2.0,2.0,2.0,1,synthetic,synthetic_malicious_104
15.0,5.0,1.0,1.0,0.37414793469905433,0.0,3.6874610466795437,2.0,3.0,2.0,0.6459294425978703,1.0,3.0,0.0,1.0,0.0,0.0,0.0,0.0,1.0,155.0,49.0,0.0,1.0,5.0,0.5751490320564105,0.5135958270225063,0.23477490909665769,2849.0,0.0,0.0,0.0,0.0,0.0,2.0,1.0,2.0,1.0,1,synthetic,synthetic_malicious_164
40.0,4.0,1.0,1.0,0.2874327706940284,1.0,3.9474673100049236,1.0,2.0,0.0,0.4661916116691357,0.0,2.0,1.0,3.0,2.0,0.0,0.0,0.0,1.0,78.0,316.0,0.0,1.0,2.0,0.4350581999973613,0.6144794864472323,0.22163240163884482,4312.0,1.0,0.0,0.0,1.0,0.0,0.0,1.0,1.0,1.0,1,synthetic,synthetic_malicious_37
23.0,5.0,0.0,1.0,0.08391052733459799,1.0,3.603536453402991,1.0,2.0,1.0,0.5930336821677401,1.0,3.0,1.0,1.0,2.0,0.0,0.0,1.0,1.0,32.0,352.0,0.0,0.0,1.0,0.3932807280433557,0.6560884158463827,0.19630654785948054,1560.0,1.0,0.0,0.0,0.0,0.0,1.0,2.0,1.0,1.0,1,synthetic,synthetic_malicious_252
17.0,2.0,0.0,1.0,0.038292017957060775,0.0,1.7534471521997936,0.0,29.0,2.0,0.042934775957414115,3.0,3.0,3.0,6.0,12.0,1.0,1.0,1.0,3.0,9856.0,121.0,1.0,3.0,45.0,0.6124235086164072,0.06262445196995052,0.03070871335431391,381793.0,1.0,1.0,0.0,1.0,1.0,2.0,0.0,1.0,12.0,0,synthetic_benign,synthetic_benign_14
37.0,5.0,1.0,1.0,0.11727045412536077,1.0,2.9642062262838476,1.0,2.0,2.0,0.6827630331663319,2.0,3.0,1.0,1.0,1.0,0.0,0.0,0.0,2.0,119.0,112.0,0.0,1.0,1.0,0.4335282261777288,0.264548277010363,0.05984526684056391,4962.0,0.0,0.0,0.0,0.0,0.0,2.0,0.0,0.0,2.0,1,synthetic,synthetic_malicious_199
45.0,3.0,0.0,1.0,0.29249234776352,0.0,4.091313671991909,3.0,3.0,0.0,0.5066688317229309,0.0,2.0,0.0,3.0,1.0,0.0,0.0,0.0,2.0,148.0,235.0,0.0,1.0,5.0,0.118382582033876,0.6842140203696843,0.21049028611667792,4398.0,0.0,0.0,0.0,0.0,0.0,0.0,2.0,2.0,0.0,1,synthetic,synthetic_malicious_67
15.0,2.0,0.0,0.0,0.38252401541864123,0.0,4.013695475954244,1.0,0.0,2.0,0.0032990671794826732,2.0,1.0,0.0,3.0,1.0,0.0,0.0,0.0,2.0,41.0,63.0,0.0,1.0,3.0,0.3279631559842523,0.4601442061229419,0.15723529310040582,3552.0,0.0,0.0,0.0,0.0,0.0,0.0,0.0,1.0,0.0,1,synthetic,synthetic_malicious_97
37.0,4.0,0.0,1.0,0.3606921323069516,0.0,4.37753966991849,3.0,3.0,0.0,0.1471089592827072,0.0,1.0,0.0,3.0,1.0,0.0,0.0,1.0,1.0,100.0,82.0,1.0,1.0,5.0,0.1269127191095237,0.5854668527730276,0.15719483740254422,681.0,1.0,0.0,0.0,0.0,0.0,0.0,0.0,2.0,2.0,1,synthetic,synthetic_malicious_125
19.0,2.0,0.0,0.0,0.015871006079617497,0.0,2.113730838078893,0.0,65.0,0.0,0.04353720615292485,2.0,3.0,5.0,7.0,14.0,1.0,1.0,1.0,2.0,1479.0,3183.0,1.0,4.0,27.0,0.5553633124253434,0.1701337063965018,0.045839470975084,113449.0,1.0,1.0,1.0,1.0,1.0,1.0,4.0,1.0,3.0,0,synthetic_benign,synthetic_benign_149
27.0,5.0,0.0,0.0,0.07493202457633356,0.0,4.48494493844514,0.0,3.0,2.0,0.1298899066104185,1.0,2.0,1.0,3.0,2.0,0.0,0.0,0.0,2.0,107.0,156.0,0.0,0.0,3.0,0.415476356843706,0.5382127993861439,0.20924142673390125,1211.0,1.0,0.0,0.0,0.0,0.0,2.0,0.0,0.0,0.0,1,synthetic,synthetic_malicious_232
11.0,2.0,0.0,0.0,0.048371501257922285,0.0,2.473090044599714,0.0,69.0,2.0,0.013869811663080683,3.0,1.0,3.0,3.0,9.0,1.0,1.0,1.0,4.0,2059.0,3571.0,1.0,2.0,7.0,0.8245399904427964,0.07668364569120414,0.022111892505786046,395977.0,1.0,1.0,0.0,0.0,1.0,5.0,5.0,0.0,9.0,0,synthetic_benign,synthetic_benign_125
11.0,3.0,0.0,0.0,0.0469351718448584,0.0,2.6756963714890825,0.0,78.0,2.0,0.03634363051495012,3.0,4.0,2.0,7.0,15.0,1.0,1.0,1.0,3.0,9123.0,1649.0,1.0,1.0,14.0,0.6549257732547946,0.1056709035504318,0.002720794653855652,165165.0,1.0,1.0,1.0,1.0,1.0,5.0,5.0,1.0,10.0,0,synthetic_benign,synthetic_benign_49
20.0,2.0,0.0,0.0,0.04561336326501661,0.0,2.1611414424026885,0.0,43.0,1.0,0.02822248590109397,2.0,4.0,7.0,8.0,11.0,1.0,1.0,1.0,3.0,6338.0,1176.0,1.0,2.0,49.0,0.7489614055400072,0.1101291057573774,0.01258599016151482,470220.0,1.0,1.0,1.0,1.0,1.0,2.0,2.0,0.0,13.0,0,synthetic_benign,synthetic_benign_122
15.0,2.0,0.0,0.0,0.005814290052934712,0.0,2.0675299564868763,0.0,61.0,1.0,0.005850235686345695,2.0,1.0,4.0,7.0,10.0,1.0,1.0,1.0,3.0,3415.0,1577.0,1.0,4.0,42.0,0.925698102335613,0.02958910674826385,0.017783060866768254,437425.0,1.0,1.0,1.0,1.0,1.0,5.0,0.0,0.0,11.0,0,synthetic_benign,synthetic_benign_115
23.0,2.0,1.0,0.0,0.07626476133096588,1.0,3.725501265997109,3.0,2.0,2.0,0.13627090409313683,0.0,3.0,1.0,1.0,0.0,0.0,0.0,0.0,2.0,162.0,258.0,0.0,0.0,5.0,0.33896340899642174,0.4450519203258657,0.08416248035858127,3954.0,1.0,0.0,0.0,1.0,0.0,0.0,2.0,2.0,1.0,1,synthetic,synthetic_malicious_278
11.0,2.0,0.0,0.0,0.0,0.0,2.8073549220576037,0.0,1513.0,172.0,0.11368142762723067,5.0,3.0,5.0,4.0,36.0,1.0,0.0,1.0,4.0,10352.0,-1.0,1.0,2.0,1.0,1.0,0.0,0.0,3066420.0,1.0,1.0,0.0,1.0,1.0,1.0,2.0,2.0,0.0,0,osint_scan,netflix.com
41.0,2.0,0.0,1.0,0.2240002237874425,0.0,2.941145048485847,1.0,3.0,1.0,0.6492168237918374,2.0,3.0,1.0,2.0,0.0,0.0,0.0,1.0,1.0,10.0,333.0,0.0,0.0,1.0,0.23694667868776917,0.5787750430969683,0.05041525594062161,3030.0,0.0,0.0,0.0,1.0,1.0,2.0,2.0,1.0,1.0,1,synthetic,synthetic_malicious_163
34.0,5.0,1.0,0.0,0.32634569518669254,0.0,2.9268416621398554,1.0,0.0,2.0,0.33833627861647675,1.0,3.0,0.0,1.0,0.0,1.0,0.0,0.0,2.0,106.0,298.0,0.0,1.0,2.0,0.515274545750552,0.24622063001601613,0.27049252114117356,2801.0,0.0,0.0,0.0,0.0,0.0,2.0,2.0,0.0,3.0,1,synthetic,synthetic_malicious_267
19.0,2.0,0.0,0.0,0.027178038532486206,0.0,1.8102091472864028,0.0,23.0,2.0,0.04516906064612359,2.0,3.0,4.0,8.0,12.0,1.0,1.0,1.0,2.0,5788.0,3528.0,1.0,3.0,14.0,0.5205621266518744,0.08230634510606501,0.016504638042507607,341512.0,1.0,1.0,1.0,1.0,1.0,1.0,1.0,1.0,8.0,0,synthetic_benign,synthetic_benign_51
34.0,3.0,0.0,0.0,0.13172135889448094,0.0,2.811982434358206,0.0,0.0,2.0,0.04363041068940339,2.0,1.0,1.0,1.0,1.0,0.0,0.0,0.0,1.0,83.0,137.0,0.0,0.0,2.0,0.3732121069850991,0.5751775743762328,0.1646400164433412,1157.0,0.0,0.0,0.0,0.0,0.0,1.0,0.0,0.0,2.0,1,synthetic,synthetic_malicious_137
7.0,2.0,0.0,0.0,0.009330968909674737,0.0,1.5921133254367656,0.0,26.0,2.0,0.013763968977612357,1.0,1.0,8.0,8.0,12.0,1.0,1.0,1.0,4.0,1365.0,475.0,1.0,4.0,46.0,0.9045109612906584,0.06625499774542801,0.026444570967596094,377607.0,1.0,1.0,1.0,1.0,1.0,5.0,2.0,1.0,7.0,0,synthetic_benign,synthetic_benign_1
15.0,3.0,0.0,1.0,0.03975570742578708,0.0,2.1724536014301936,0.0,77.0,0.0,0.04535759447829888,3.0,4.0,3.0,2.0,9.0,1.0,0.0,1.0,4.0,4701.0,2519.0,1.0,1.0,46.0,0.6364389186969098,0.18778300070090004,0.02367404820773595,358717.0,1.0,1.0,0.0,1.0,1.0,1.0,0.0,1.0,6.0,0,synthetic_benign,synthetic_benign_143
7.0,2.0,0.0,0.0,0.04192676107559257,0.0,2.4026464060577197,0.0,96.0,1.0,0.031296448721159296,3.0,1.0,8.0,2.0,12.0,1.0,1.0,1.0,4.0,3578.0,3478.0,1.0,3.0,8.0,0.6530850534064586,0.19905877005008604,0.025651095833422195,322552.0,1.0,1.0,1.0,1.0,1.0,1.0,3.0,0.0,5.0,0,synthetic_benign,synthetic_benign_27
33.0,2.0,0.0,0.0,0.06598821443928118,1.0,4.387018282839728,0.0,2.0,1.0,0.7669912183173679,2.0,1.0,1.0,2.0,2.0,0.0,0.0,0.0,2.0,103.0,287.0,1.0,0.0,1.0,0.3935877546521622,0.3910558658724763,0.1759074610519685,306.0,1.0,0.0,0.0,0.0,1.0,2.0,0.0,0.0,1.0,1,synthetic,synthetic_malicious_263
21.0,2.0,0.0,0.0,0.33294507303262755,1.0,4.460238240566978,2.0,0.0,1.0,0.3942703002959942,2.0,3.0,0.0,1.0,0.0,0.0,0.0,1.0,2.0,144.0,286.0,0.0,0.0,5.0,0.43608777330213633,0.5014862744701662,0.052658651915253596,4818.0,1.0,0.0,0.0,0.0,0.0,2.0,2.0,1.0,1.0,1,synthetic,synthetic_malicious_212
44.0,2.0,0.0,1.0,0.30854028279402246,0.0,2.574596493143286,1.0,3.0,0.0,0.7471380884625602,0.0,2.0,1.0,1.0,2.0,0.0,0.0,0.0,1.0,75.0,320.0,0.0,1.0,3.0,0.32717453907839755,0.5206562047574687,0.15729556045065615,1099.0,0.0,0.0,0.0,0.0,0.0,1.0,2.0,1.0,1.0,1,synthetic,synthetic_malicious_53
22.0,5.0,0.0,1.0,0.1208219921808613,0.0,3.5087190521414255,3.0,1.0,2.0,0.07703886137856353,1.0,3.0,0.0,3.0,2.0,0.0,0.0,0.0,1.0,172.0,362.0,0.0,1.0,3.0,0.5374121503660019,0.5488214035697896,0.1286868793431362,3949.0,0.0,0.0,0.0,0.0,0.0,2.0,2.0,0.0,3.0,1,synthetic,synthetic_malicious_116
26.0,5.0,0.0,1.0,0.14906395449360776,0.0,2.8901843533085088,3.0,0.0,0.0,0.2587348684803633,2.0,1.0,1.0,2.0,2.0,0.0,0.0,0.0,2.0,36.0,137.0,0.0,0.0,1.0,0.28111288817956115,0.6280706479239542,0.030584352489526123,1209.0,0.0,0.0,0.0,0.0,1.0,1.0,1.0,0.0,0.0,1,synthetic,synthetic_malicious_240
31.0,5.0,0.0,1.0,0.2733256402249746,0.0,3.144367143759583,2.0,0.0,2.0,0.26042015956598175,1.0,1.0,1.0,2.0,2.0,0.0,0.0,0.0,2.0,167.0,81.0,0.0,1.0,5.0,0.19753847759940465,0.2715807224432331,0.15601632865421622,4684.0,0.0,0.0,1.0,0.0,1.0,2.0,2.0,1.0,1.0,1,synthetic,synthetic_malicious_236
17.0,5.0,1.0,1.0,0.37004367370653973,1.0,3.6116276899296036,1.0,1.0,0.0,0.6658269785748097,1.0,3.0,1.0,1.0,1.0,0.0,0.0,0.0,2.0,56.0,43.0,0.0,0.0,3.0,0.25008470399687655,0.5202776045882815,0.19096824930431208,1017.0,0.0,0.0,0.0,0.0,0.0,0.0,0.0,0.0,2.0,1,synthetic,synthetic_malicious_174
37.0,3.0,1.0,0.0,0.3399686309445214,0.0,3.852469107399892,3.0,1.0,2.0,0.505921585969431,2.0,2.0,1.0,2.0,0.0,0.0,0.0,1.0,2.0,176.0,218.0,0.0,1.0,3.0,0.39097777233449027,0.6344538814356002,0.2541501978026122,763.0,0.0,0.0,0.0,0.0,1.0,2.0,1.0,0.0,3.0,1,synthetic,synthetic_malicious_73
45.0,4.0,0.0,0.0,0.25087262241686353,1.0,3.2960680919048997,2.0,1.0,0.0,0.020730672691314567,0.0,2.0,1.0,3.0,0.0,0.0,0.0,0.0,2.0,176.0,281.0,0.0,0.0,1.0,0.32602134262269866,0.6493395153931152,0.1335333578227365,719.0,0.0,0.0,0.0,0.0,0.0,2.0,2.0,1.0,2.0,1,synthetic,synthetic_malicious_44
27.0,2.0,0.0,1.0,0.2436280243174031,1.0,3.5085110582464094,2.0,0.0,0.0,0.7800662523310273,1.0,2.0,1.0,3.0,1.0,0.0,0.0,0.0,1.0,10.0,49.0,1.0,1.0,4.0,0.35966635516654166,0.27447033228822243,0.2679395076234022,1145.0,1.0,0.0,0.0,0.0,0.0,1.0,2.0,1.0,3.0,1,synthetic,synthetic_malicious_49
18.0,2.0,0.0,0.0,0.280272440399739,1.0,3.9026280431494254,2.0,0.0,1.0,0.17657822731705677,2.0,1.0,0.0,1.0,2.0,0.0,0.0,1.0,1.0,91.0,315.0,0.0,1.0,3.0,0.49712478856903974,0.22915001222358256,0.185079997627025,4333.0,1.0,0.0,0.0,0.0,0.0,0.0,0.0,2.0,1.0,1,synthetic,synthetic_malicious_132
17.0,3.0,1.0,0.0,0.3347989406121761,1.0,2.8648490230704056,1.0,2.0,1.0,0.32921798659895307,1.0,2.0,0.0,2.0,0.0,0.0,0.0,1.0,1.0,127.0,112.0,1.0,1.0,4.0,0.37707796063798205,0.6147591153459785,0.27574506902411233,4111.0,1.0,0.0,0.0,0.0,1.0,1.0,0.0,2.0,1.0,1,synthetic,synthetic_malicious_261
25.0,5.0,0.0,1.0,0.27877231134287284,1.0,3.368400769786593,0.0,0.0,1.0,0.16444038137434971,0.0,2.0,1.0,3.0,1.0,0.0,0.0,0.0,2.0,38.0,57.0,0.0,1.0,1.0,0.24727472448310742,0.5310101130049338,0.18006465840413063,1635.0,1.0,0.0,0.0,0.0,0.0,0.0,1.0,1.0,3.0,1,synthetic,synthetic_malicious_88
23.0,2.0,0.0,1.0,0.34954385013399836,1.0,3.19766816351638,3.0,0.0,0.0,0.5247353980028792,1.0,3.0,1.0,2.0,2.0,0.0,0.0,0.0,2.0,99.0,64.0,0.0,1.0,4.0,0.5812775048306298,0.5029208990148148,0.05411236116894843,4153.0,0.0,0.0,0.0,0.0,0.0,1.0,2.0,2.0,3.0,1,synthetic,synthetic_malicious_289
27.0,2.0,1.0,1.0,0.3110985081016689,1.0,4.183425978976626,3.0,3.0,1.0,0.5221599617117096,1.0,2.0,0.0,1.0,1.0,0.0,0.0,1.0,1.0,91.0,338.0,0.0,1.0,1.0,0.21976495862829284,0.281380201658487,0.03193936288055591,1735.0,0.0,0.0,0.0,0.0,0.0,0.0,0.0,1.0,0.0,1,synthetic,synthetic_malicious_262
28.0,3.0,0.0,0.0,0.1053167709046876,1.0,3.565923093983554,0.0,1.0,1.0,0.6716180078961738,0.0,3.0,0.0,2.0,1.0,0.0,0.0,0.0,2.0,37.0,126.0,1.0,0.0,1.0,0.48122374186648276,0.505990798834512,0.08005878390134387,4645.0,0.0,0.0,0.0,1.0,1.0,1.0,0.0,2.0,3.0,1,synthetic,synthetic_malicious_140
20.0,3.0,0.0,1.0,0.13900707216572,1.0,3.4807171603064235,2.0,0.0,1.0,0.4365960265623409,1.0,3.0,0.0,2.0,0.0,0.0,0.0,0.0,1.0,164.0,340.0,1.0,0.0,2.0,0.22649144810709318,0.3923451062637139,0.19168471759218783,2972.0,0.0,0.0,0.0,0.0,0.0,0.0,1.0,1.0,2.0,1,synthetic,synthetic_malicious_187
19.0,2.0,0.0,1.0,0.31375788181580777,1.0,4.128052435108938,0.0,1.0,2.0,0.5176955554561052,1.0,1.0,1.0,3.0,2.0,1.0,0.0,0.0,2.0,140.0,57.0,1.0,1.0,2.0,0.41028084780592455,0.5904624464379427,0.26103542769640053,1847.0,0.0,0.0,0.0,0.0,0.0,2.0,0.0,2.0,1.0,1,synthetic,synthetic_malicious_106
22.0,3.0,1.0,1.0,0.32584206078499006,1.0,3.579541516827342,0.0,2.0,2.0,0.10483923314360642,1.0,1.0,0.0,1.0,2.0,0.0,0.0,1.0,2.0,10.0,240.0,0.0,0.0,4.0,0.4052977110629079,0.576195582555743,0.2351401078304528,1916.0,0.0,0.0,0.0,0.0,0.0,1.0,2.0,2.0,3.0,1,synthetic,synthetic_malicious_38
11.0,3.0,0.0,0.0,0.027283252147607264,0.0,2.85037531726079,0.0,37.0,2.0,0.005187865600149194,2.0,4.0,3.0,7.0,9.0,1.0,1.0,1.0,2.0,7892.0,2166.0,1.0,2.0,45.0,0.9037630228612006,0.058158554026678425,0.01000726461108546,218160.0,1.0,1.0,0.0,1.0,1.0,4.0,4.0,0.0,20.0,0,synthetic_benign,synthetic_benign_148
10.0,3.0,0.0,0.0,0.03274924791974109,0.0,2.816511182503139,0.0,10.0,2.0,0.01728177319717877,2.0,1.0,3.0,6.0,5.0,1.0,1.0,1.0,3.0,5861.0,2109.0,1.0,1.0,29.0,0.539954312506644,0.042927715185567,0.041928119628403517,328360.0,1.0,1.0,1.0,1.0,1.0,1.0,3.0,1.0,8.0,0,synthetic_benign,synthetic_benign_30
15.0,4.0,0.0,0.0,0.3150489625901464,1.0,4.212293008546915,3.0,3.0,2.0,0.2623413269921408,1.0,3.0,0.0,1.0,0.0,0.0,0.0,1.0,2.0,59.0,258.0,0.0,1.0,3.0,0.3912303757774924,0.4864386737772663,0.07846594524461782,2945.0,0.0,0.0,0.0,0.0,0.0,2.0,2.0,1.0,0.0,1,synthetic,synthetic_malicious_54
17.0,4.0,0.0,1.0,0.12027817812752668,0.0,4.252921193413281,2.0,2.0,0.0,0.20557606765060987,1.0,2.0,1.0,1.0,1.0,0.0,0.0,0.0,2.0,141.0,217.0,1.0,1.0,1.0,0.2322292891762119,0.2617943683817462,0.11057569758481169,2147.0,0.0,0.0,0.0,0.0,0.0,0.0,2.0,2.0,2.0,1,synthetic,synthetic_malicious_27
28.0,4.0,0.0,0.0,0.2681354513306072,0.0,3.728579961696779,3.0,3.0,1.0,0.6463842879528238,2.0,1.0,1.0,1.0,0.0,0.0,0.0,0.0,1.0,156.0,242.0,0.0,1.0,3.0,0.38020775245891325,0.5187517717940282,0.0033891803934089303,1648.0,0.0,0.0,0.0,0.0,0.0,0.0,0.0,2.0,2.0,1,synthetic,synthetic_malicious_146
30.0,3.0,0.0,0.0,0.18358422693195547,1.0,2.6081239412851502,1.0,1.0,0.0,0.2741359079432001,2.0,2.0,0.0,2.0,2.0,0.0,0.0,0.0,1.0,79.0,354.0,1.0,1.0,3.0,0.20469118416753887,0.5867711356602823,0.17288367472101093,1297.0,0.0,0.0,0.0,0.0,0.0,1.0,1.0,1.0,3.0,1,synthetic,synthetic_malicious_96
6.0,2.0,0.0,0.0,0.006691685353910404,0.0,1.7093539432114337,0.0,69.0,3.0,0.03056005514763423,1.0,2.0,2.0,7.0,4.0,1.0,1.0,1.0,4.0,8563.0,741.0,1.0,4.0,47.0,0.9146280920904528,0.19272697896393984,0.0343438224443911,489224.0,1.0,1.0,1.0,1.0,1.0,3.0,0.0,1.0,10.0,0,synthetic_benign,synthetic_benign_92
11.0,2.0,0.0,0.0,0.028962850779452966,0.0,1.673727912861216,0.0,98.0,3.0,0.009351884039727743,1.0,2.0,8.0,7.0,13.0,1.0,1.0,1.0,2.0,1289.0,1794.0,1.0,4.0,11.0,0.8018822533937671,0.17498462557469371,0.04857814151385338,20187.0,1.0,1.0,0.0,1.0,1.0,5.0,3.0,1.0,6.0,0,synthetic_benign,synthetic_benign_40
15.0,4.0,1.0,0.0,0.1644886269018311,0.0,3.469518474658683,0.0,0.0,2.0,0.5256180837291098,2.0,2.0,0.0,2.0,1.0,0.0,0.0,1.0,1.0,44.0,180.0,1.0,1.0,2.0,0.13879264992249066,0.5817945234895148,0.20321494252961633,1257.0,0.0,0.0,0.0,0.0,0.0,1.0,2.0,0.0,0.0,1,synthetic,synthetic_malicious_226
10.0,2.0,0.0,0.0,0.0,0.0,2.2516291673878226,0.0,0.0,0.0,0.0,0.0,1.0,0.0,2.0,0.0,0.0,0.0,0.0,1.0,8888.0,3165.0,0.0,0.0,0.0,0.0,0.0,0.0,0.0,0.0,0.0,0.0,0.0,0.0,0.0,15.0,1.0,0.0,0,osint_scan,Bharat.com
27.0,2.0,0.0,0.0,0.3110710412453978,0.0,3.9051834275472883,2.0,1.0,2.0,0.5289392885617518,2.0,3.0,0.0,3.0,1.0,0.0,0.0,0.0,1.0,43.0,68.0,0.0,0.0,5.0,0.27664576676668073,0.225453282232293,0.14865235845542274,1396.0,0.0,0.0,0.0,0.0,0.0,0.0,1.0,1.0,3.0,1,synthetic,synthetic_malicious_247
28.0,5.0,0.0,0.0,0.17144923508869847,1.0,2.5166697576482147,1.0,3.0,2.0,0.12018220140448906,1.0,3.0,0.0,2.0,1.0,0.0,0.0,1.0,1.0,54.0,174.0,0.0,0.0,1.0,0.3441832211085465,0.20254512366027694,0.10567665620204798,5.0,1.0,0.0,0.0,0.0,0.0,2.0,0.0,0.0,2.0,1,synthetic,synthetic_malicious_284
14.0,3.0,0.0,0.0,0.03925608153294006,0.0,2.8959611306952455,0.0,64.0,1.0,0.015940093375996358,2.0,1.0,2.0,8.0,10.0,1.0,0.0,1.0,4.0,9279.0,2199.0,1.0,4.0,31.0,0.6865575830586186,0.1616366435862674,0.04423007733816628,193598.0,1.0,1.0,0.0,0.0,1.0,1.0,3.0,1.0,3.0,0,synthetic_benign,synthetic_benign_36
6.0,2.0,0.0,0.0,0.01438590035134178,0.0,2.673965814404097,0.0,46.0,0.0,0.0194305555574616,3.0,4.0,2.0,6.0,8.0,1.0,1.0,1.0,4.0,2452.0,3091.0,1.0,2.0,34.0,0.5673679169322462,0.17695641573826232,0.02327919515094054,415199.0,1.0,1.0,0.0,1.0,1.0,1.0,0.0,0.0,15.0,0,synthetic_benign,synthetic_benign_67
17.0,5.0,1.0,1.0,0.32688822463016537,0.0,3.1311916400994506,2.0,3.0,2.0,0.37871981414147476,0.0,3.0,0.0,2.0,1.0,0.0,1.0,0.0,2.0,30.0,218.0,0.0,1.0,4.0,0.5473187474775266,0.39332238413034604,0.2921170752945927,4064.0,0.0,0.0,0.0,0.0,1.0,1.0,0.0,1.0,1.0,1,synthetic,synthetic_malicious_42
6.0,3.0,0.0,0.0,0.019845589420116057,0.0,2.250329385980966,0.0,24.0,1.0,0.045608097173221535,2.0,2.0,2.0,3.0,6.0,1.0,1.0,1.0,2.0,1897.0,810.0,1.0,3.0,21.0,0.8022967809499364,0.09767423318278756,0.02578325495590548,248077.0,1.0,1.0,1.0,1.0,1.0,3.0,5.0,0.0,20.0,0,synthetic_benign,synthetic_benign_21
40.0,4.0,0.0,1.0,0.34793606523701104,0.0,2.5193446554541397,1.0,1.0,1.0,0.28602192339019544,1.0,3.0,1.0,3.0,0.0,0.0,0.0,1.0,2.0,115.0,169.0,0.0,1.0,4.0,0.4244232419361319,0.5984547785177035,0.03391696691329383,480.0,0.0,0.0,0.0,0.0,0.0,2.0,2.0,1.0,1.0,1,synthetic,synthetic_malicious_100
43.0,5.0,0.0,0.0,0.3235470825960111,1.0,2.8945915085222524,2.0,0.0,0.0,0.4299467941194351,1.0,3.0,0.0,3.0,2.0,0.0,0.0,0.0,2.0,161.0,111.0,1.0,1.0,2.0,0.5161144933631934,0.3519710448626773,0.12682376501028542,4139.0,1.0,0.0,0.0,0.0,0.0,0.0,2.0,0.0,3.0,1,synthetic,synthetic_malicious_203
6.0,3.0,0.0,0.0,0.011089496196777005,0.0,2.331299230172393,0.0,62.0,2.0,0.021770276905362387,3.0,2.0,5.0,5.0,4.0,1.0,0.0,1.0,2.0,2200.0,3440.0,1.0,2.0,13.0,0.8915076064374761,0.051231733432514776,0.039470265251329545,173684.0,1.0,1.0,1.0,1.0,1.0,3.0,3.0,1.0,11.0,0,synthetic_benign,synthetic_benign_78
42.0,4.0,0.0,0.0,0.155375308133741,0.0,3.8766932839531103,0.0,2.0,0.0,0.010318131071027727,2.0,2.0,1.0,2.0,1.0,0.0,0.0,1.0,1.0,127.0,143.0,0.0,0.0,4.0,0.33024567930411974,0.23820016278537232,0.24565342321522265,142.0,0.0,0.0,0.0,0.0,0.0,2.0,2.0,1.0,1.0,1,synthetic,synthetic_malicious_176
43.0,5.0,0.0,0.0,0.3355622698483023,1.0,3.714591300234882,3.0,1.0,2.0,0.28233240469670584,2.0,1.0,1.0,1.0,0.0,0.0,0.0,0.0,2.0,100.0,45.0,1.0,1.0,4.0,0.4954481861960698,0.37887225838496585,0.021792099360788207,3044.0,0.0,0.0,0.0,0.0,1.0,1.0,0.0,1.0,2.0,1,synthetic,synthetic_malicious_275
16.0,3.0,0.0,0.0,0.04940089679878534,0.0,2.5104939974463427,0.0,81.0,1.0,0.03206058309855805,1.0,2.0,4.0,7.0,8.0,1.0,1.0,1.0,2.0,6123.0,3063.0,1.0,2.0,24.0,0.7807916019583546,0.13650204803308646,0.014283274078991104,405105.0,1.0,1.0,0.0,1.0,1.0,1.0,5.0,1.0,20.0,0,synthetic_benign,synthetic_benign_39
36.0,5.0,0.0,0.0,0.2273397670649588,1.0,3.4893822609043883,3.0,2.0,1.0,0.25638622678174955,0.0,3.0,0.0,1.0,1.0,0.0,0.0,1.0,2.0,96.0,79.0,0.0,1.0,4.0,0.2756346302347229,0.5306200029113475,0.07428417928804922,2556.0,0.0,0.0,0.0,0.0,0.0,0.0,2.0,1.0,0.0,1,synthetic,synthetic_malicious_182
34.0,5.0,0.0,0.0,0.3519015210834328,0.0,3.9545572694159237,1.0,3.0,1.0,0.09034998349901394,1.0,2.0,0.0,1.0,1.0,0.0,1.0,0.0,1.0,170.0,203.0,0.0,0.0,4.0,0.4308566314229815,0.3242884974253538,0.1037248462372511,3152.0,1.0,0.0,0.0,0.0,1.0,0.0,2.0,1.0,3.0,1,synthetic,synthetic_malicious_101
24.0,5.0,0.0,0.0,0.07026708040809565,1.0,3.3689671772120384,3.0,0.0,1.0,0.5328636630874485,2.0,3.0,0.0,1.0,0.0,0.0,0.0,1.0,2.0,132.0,294.0,0.0,1.0,2.0,0.28593471544582616,0.5748881920468955,0.26203801692001033,967.0,0.0,1.0,0.0,0.0,1.0,2.0,2.0,2.0,0.0,1,synthetic,synthetic_malicious_78
6.0,3.0,0.0,0.0,0.007196661069768052,0.0,2.1937983822436316,0.0,90.0,0.0,0.022659461423310618,2.0,1.0,6.0,5.0,12.0,1.0,1.0,1.0,4.0,7476.0,1703.0,1.0,2.0,8.0,0.8828938633075875,0.16404399741374223,0.018792914283822446,60196.0,1.0,1.0,0.0,1.0,1.0,5.0,2.0,0.0,14.0,0,synthetic_benign,synthetic_benign_0
17.0,4.0,1.0,0.0,0.20090197417519906,0.0,3.6344223884839826,2.0,1.0,0.0,0.5300898055410695,0.0,3.0,1.0,1.0,2.0,0.0,0.0,1.0,2.0,44.0,187.0,0.0,0.0,5.0,0.15437231691743683,0.607033359991034,0.23140301366120364,3104.0,1.0,0.0,0.0,0.0,0.0,2.0,2.0,0.0,1.0,1,synthetic,synthetic_malicious_152
6.0,3.0,0.0,0.0,0.012363891815735613,0.0,1.9573999571864098,0.0,46.0,3.0,0.04351689080819472,2.0,3.0,8.0,8.0,9.0,1.0,1.0,1.0,4.0,2591.0,2411.0,1.0,4.0,22.0,0.6887117341575603,0.11411009091714619,0.04411723689062368,85522.0,1.0,1.0,0.0,1.0,1.0,2.0,4.0,1.0,14.0,0,synthetic_benign,synthetic_benign_75
24.0,5.0,0.0,0.0,0.10557343744708826,1.0,3.120627471618234,1.0,3.0,1.0,0.16136218313839015,0.0,2.0,0.0,2.0,2.0,0.0,0.0,0.0,2.0,116.0,266.0,0.0,0.0,3.0,0.423149568889268,0.6594479331981637,0.10403455205332458,2436.0,0.0,0.0,0.0,0.0,0.0,2.0,2.0,1.0,3.0,1,synthetic,synthetic_malicious_224
26.0,2.0,0.0,0.0,0.26229804441539073,1.0,4.353381759489717,3.0,3.0,2.0,0.024655321085379534,0.0,3.0,0.0,1.0,2.0,0.0,0.0,0.0,1.0,75.0,361.0,0.0,0.0,5.0,0.5373834638113891,0.27068693311227543,0.012531942140377672,4691.0,0.0,0.0,0.0,0.0,0.0,2.0,1.0,0.0,3.0,1,synthetic,synthetic_malicious_110
36.0,2.0,0.0,1.0,0.14338881648338997,1.0,2.723104347191753,3.0,1.0,1.0,0.002596252881383432,2.0,3.0,1.0,3.0,0.0,0.0,0.0,0.0,1.0,38.0,221.0,0.0,0.0,5.0,0.2620780285023365,0.20973837119291616,0.2787295848793851,2519.0,1.0,0.0,0.0,1.0,0.0,0.0,2.0,0.0,1.0,1,synthetic,synthetic_malicious_3
29.0,3.0,0.0,1.0,0.32881454007496014,0.0,4.437147675625747,3.0,3.0,0.0,0.12780767482604158,0.0,1.0,1.0,2.0,0.0,0.0,0.0,0.0,2.0,10.0,83.0,0.0,0.0,2.0,0.49274600904086685,0.4425306980122019,0.03481952563865369,1927.0,0.0,0.0,0.0,0.0,0.0,1.0,0.0,0.0,2.0,1,synthetic,synthetic_malicious_165
19.0,4.0,1.0,1.0,0.06801765308172518,1.0,2.5450849566462814,2.0,2.0,1.0,0.5626186511391711,0.0,1.0,1.0,1.0,2.0,0.0,0.0,0.0,2.0,101.0,346.0,1.0,0.0,5.0,0.3354893533025938,0.6586956686710339,0.07891592156864403,245.0,1.0,0.0,0.0,0.0,1.0,0.0,2.0,2.0,2.0,1,synthetic,synthetic_malicious_292
16.0,3.0,0.0,0.0,0.008309025573521967,0.0,2.47713837419953,0.0,47.0,1.0,0.042904099062836126,3.0,1.0,6.0,5.0,3.0,1.0,1.0,1.0,3.0,6059.0,1553.0,1.0,4.0,39.0,0.6683078503250411,0.19300140202946792,0.043675869986347364,124927.0,1.0,1.0,1.0,1.0,1.0,5.0,1.0,1.0,4.0,0,synthetic_benign,synthetic_benign_121
29.0,2.0,1.0,0.0,0.299422036957206,1.0,3.4093664152947016,2.0,2.0,2.0,0.5188611442277579,2.0,1.0,0.0,1.0,0.0,0.0,0.0,1.0,2.0,129.0,343.0,0.0,1.0,5.0,0.2903035046305734,0.5841301618921941,0.2736758336466397,4632.0,0.0,0.0,0.0,0.0,0.0,0.0,1.0,1.0,2.0,1,synthetic,synthetic_malicious_143
23.0,2.0,1.0,0.0,0.053406856267912715,1.0,3.4476603207462855,0.0,3.0,0.0,0.3780545956455827,0.0,1.0,1.0,1.0,2.0,0.0,0.0,0.0,1.0,76.0,201.0,0.0,1.0,5.0,0.22866975614208176,0.4432466568557055,0.10928679956216533,111.0,0.0,0.0,0.0,0.0,0.0,2.0,1.0,0.0,2.0,1,synthetic,synthetic_malicious_282
31.0,5.0,0.0,1.0,0.1735200895831246,0.0,3.089235891240961,1.0,0.0,2.0,0.7382916128494532,2.0,2.0,1.0,1.0,2.0,0.0,0.0,1.0,2.0,158.0,43.0,0.0,0.0,2.0,0.352798054653638,0.6257226280263171,0.08335463908028073,1085.0,0.0,0.0,0.0,0.0,0.0,2.0,2.0,0.0,3.0,1,synthetic,synthetic_malicious_156
43.0,5.0,0.0,0.0,0.15874422091659401,1.0,3.413492351889151,2.0,1.0,1.0,0.45104539265934956,1.0,3.0,0.0,2.0,1.0,0.0,0.0,0.0,1.0,138.0,155.0,0.0,1.0,1.0,0.2164988709298715,0.37321184886970304,0.25187220206885214,78.0,0.0,1.0,0.0,0.0,0.0,0.0,0.0,2.0,1.0,1,synthetic,synthetic_malicious_80
10.0,2.0,0.0,1.0,0.046597224844099054,0.0,2.2431964002619087,0.0,78.0,0.0,0.022694677166180344,2.0,3.0,6.0,7.0,13.0,1.0,1.0,1.0,2.0,9083.0,3033.0,1.0,2.0,12.0,0.5497307790718203,0.010461360289138511,0.028081416682624507,210521.0,1.0,0.0,1.0,1.0,1.0,1.0,1.0,0.0,5.0,0,synthetic_benign,synthetic_benign_41
43.0,4.0,0.0,1.0,0.33978204094478176,0.0,2.563940015536778,0.0,2.0,1.0,0.09117543469406915,0.0,1.0,0.0,2.0,1.0,0.0,0.0,0.0,2.0,37.0,293.0,0.0,0.0,1.0,0.5633160492266257,0.4189133532307553,0.1371406919419328,908.0,0.0,0.0,0.0,0.0,0.0,2.0,0.0,2.0,0.0,1,synthetic,synthetic_malicious_200
17.0,2.0,0.0,0.0,0.013826358994539163,0.0,1.5171218970216749,0.0,97.0,2.0,0.036319329128936,3.0,2.0,3.0,8.0,6.0,1.0,1.0,1.0,4.0,4548.0,1931.0,1.0,4.0,45.0,0.8360123636161649,0.15043687270211695,0.042320427443168364,320549.0,1.0,1.0,1.0,1.0,1.0,5.0,3.0,0.0,3.0,0,synthetic_benign,synthetic_benign_37
26.0,5.0,1.0,0.0,0.16557001261490875,1.0,4.196030559012671,2.0,2.0,2.0,0.3267143268953735,1.0,3.0,1.0,3.0,0.0,0.0,0.0,0.0,1.0,156.0,321.0,0.0,0.0,3.0,0.2434568584344636,0.41494407499491726,0.1739954343587046,2639.0,0.0,0.0,0.0,0.0,0.0,2.0,0.0,2.0,0.0,1,synthetic,synthetic_malicious_11
18.0,3.0,0.0,1.0,0.15355533657552461,0.0,2.5438791957191302,3.0,2.0,0.0,0.4527432135645592,2.0,3.0,0.0,3.0,2.0,0.0,0.0,0.0,1.0,154.0,210.0,0.0,0.0,5.0,0.22531340002180802,0.5777886618708385,0.23024123234863922,1120.0,0.0,0.0,0.0,0.0,0.0,2.0,1.0,2.0,1.0,1,synthetic,synthetic_malicious_26
35.0,5.0,0.0,1.0,0.34271382213990886,1.0,3.6764803138997655,2.0,0.0,0.0,0.22327398571118257,2.0,2.0,1.0,1.0,1.0,0.0,1.0,0.0,1.0,167.0,250.0,0.0,1.0,1.0,0.3707745833806556,0.373902269218951,0.0077976306752577385,4986.0,0.0,0.0,0.0,0.0,0.0,0.0,0.0,1.0,3.0,1,synthetic,synthetic_malicious_296
19.0,4.0,0.0,0.0,0.204107173419737,1.0,3.4138561489484847,1.0,3.0,2.0,0.7759654352328851,0.0,2.0,1.0,2.0,2.0,0.0,0.0,0.0,2.0,80.0,350.0,0.0,1.0,5.0,0.1179495499188433,0.23421037359077573,0.18934830505639216,2354.0,0.0,0.0,0.0,1.0,0.0,0.0,1.0,0.0,2.0,1,synthetic,synthetic_malicious_24
30.0,3.0,0.0,0.0,0.10762299249053442,1.0,3.2808435151756266,3.0,2.0,1.0,0.55727320288013,2.0,3.0,1.0,1.0,0.0,0.0,0.0,0.0,1.0,79.0,59.0,1.0,1.0,5.0,0.5596935654160377,0.4655630676352706,0.017063873918605355,4160.0,1.0,0.0,0.0,0.0,0.0,0.0,2.0,0.0,0.0,1,synthetic,synthetic_malicious_6
6.0,3.0,0.0,0.0,0.01500655720505672,0.0,2.3458497156534097,0.0,58.0,1.0,0.04981968487570787,2.0,4.0,2.0,3.0,5.0,1.0,1.0,1.0,3.0,5041.0,934.0,1.0,2.0,39.0,0.6327137291333055,0.1367813299589538,0.009326316784285317,87701.0,1.0,1.0,0.0,0.0,1.0,1.0,5.0,1.0,19.0,0,synthetic_benign,synthetic_benign_45
14.0,3.0,0.0,0.0,0.013378068555697465,0.0,2.519418031551033,0.0,86.0,1.0,0.007377117753344942,3.0,2.0,7.0,8.0,5.0,1.0,1.0,1.0,4.0,7055.0,1439.0,1.0,1.0,7.0,0.7925996966725655,0.004041053508782144,0.04536523761377302,180568.0,1.0,1.0,1.0,1.0,1.0,4.0,5.0,0.0,17.0,0,synthetic_benign,synthetic_benign_35
19.0,4.0,0.0,1.0,0.07678104066385485,0.0,4.035144217195921,3.0,1.0,1.0,0.5296745866411867,1.0,3.0,1.0,3.0,1.0,0.0,0.0,1.0,1.0,109.0,90.0,0.0,1.0,4.0,0.3212780731158563,0.21799055946193557,0.05306075190752716,2482.0,0.0,0.0,0.0,0.0,0.0,0.0,2.0,2.0,3.0,1,synthetic,synthetic_malicious_181
24.0,2.0,0.0,1.0,0.3358550047907535,1.0,4.487915368637234,1.0,1.0,2.0,0.4703391175814485,1.0,3.0,1.0,1.0,2.0,0.0,0.0,0.0,1.0,144.0,209.0,0.0,0.0,3.0,0.5895000782014942,0.3463173489620285,0.17182067394407777,4214.0,0.0,0.0,0.0,0.0,0.0,0.0,1.0,2.0,1.0,1,synthetic,synthetic_malicious_72
30.0,4.0,1.0,1.0,0.11470842718971655,0.0,3.23880332986389,3.0,0.0,1.0,0.35179233828221534,1.0,1.0,1.0,3.0,0.0,0.0,0.0,1.0,2.0,137.0,241.0,0.0,0.0,5.0,0.1304918730288638,0.3935530484408334,0.15677468199722183,4386.0,0.0,0.0,0.0,0.0,0.0,1.0,2.0,0.0,1.0,1,synthetic,synthetic_malicious_89
10.0,3.0,0.0,0.0,0.005299362481236908,0.0,2.6196695959053553,0.0,51.0,1.0,0.005170699146858926,2.0,3.0,6.0,8.0,7.0,1.0,1.0,1.0,4.0,8850.0,1700.0,1.0,1.0,29.0,0.7590526968067429,0.12631387182944165,0.02809340263559945,294536.0,1.0,1.0,1.0,1.0,1.0,1.0,2.0,0.0,8.0,0,synthetic_benign,synthetic_benign_8
33.0,3.0,1.0,1.0,0.3622850866508381,1.0,2.60145236745587,0.0,3.0,2.0,0.04036480847553561,1.0,1.0,0.0,2.0,1.0,0.0,0.0,0.0,2.0,156.0,212.0,0.0,0.0,5.0,0.13927280371517645,0.6613919956823546,0.22932848512909265,4651.0,1.0,0.0,0.0,0.0,0.0,2.0,2.0,2.0,3.0,1,synthetic,synthetic_malicious_150
10.0,3.0,0.0,0.0,0.02526634411285138,0.0,2.1867462753553144,0.0,40.0,3.0,0.011598633892750615,3.0,4.0,8.0,7.0,3.0,1.0,0.0,1.0,4.0,3888.0,1895.0,1.0,2.0,28.0,0.7465173689444828,0.14125271716658447,0.049923653905834475,77638.0,1.0,1.0,1.0,1.0,1.0,4.0,0.0,1.0,16.0,0,synthetic_benign,synthetic_benign_147
26.0,5.0,1.0,0.0,0.30662938952451535,1.0,3.4294022843409055,0.0,3.0,1.0,0.4017338157331447,2.0,1.0,0.0,3.0,0.0,0.0,0.0,0.0,1.0,122.0,213.0,1.0,1.0,2.0,0.1314305807067346,0.3847175927237372,0.012842532251594064,1693.0,0.0,0.0,0.0,0.0,0.0,0.0,2.0,1.0,0.0,1,synthetic,synthetic_malicious_113
44.0,3.0,0.0,0.0,0.21249363771293817,0.0,3.7984788925691824,0.0,1.0,0.0,0.757009226305557,1.0,2.0,0.0,1.0,0.0,0.0,0.0,0.0,2.0,149.0,109.0,0.0,0.0,4.0,0.4078261070255782,0.6695265328568276,0.08392204202573658,3035.0,1.0,0.0,0.0,0.0,0.0,1.0,2.0,2.0,2.0,1,synthetic,synthetic_malicious_28
30.0,3.0,0.0,0.0,0.31516745473487984,0.0,3.4228022745349937,0.0,2.0,0.0,0.3430343793042365,2.0,2.0,0.0,2.0,1.0,0.0,1.0,1.0,1.0,77.0,34.0,0.0,1.0,3.0,0.2127453201232378,0.4128596741175755,0.22578785509624044,4404.0,1.0,0.0,0.0,1.0,0.0,1.0,2.0,2.0,3.0,1,synthetic,synthetic_malicious_222
37.0,3.0,0.0,1.0,0.1051944596690813,1.0,3.7372897168758823,0.0,0.0,1.0,0.5156599173183348,2.0,3.0,0.0,1.0,1.0,0.0,0.0,0.0,2.0,111.0,128.0,1.0,1.0,3.0,0.4621995789361454,0.32534812055030105,0.011846562814642757,3584.0,0.0,0.0,0.0,0.0,0.0,1.0,2.0,1.0,2.0,1,synthetic,synthetic_malicious_130
40.0,2.0,1.0,1.0,0.054777134348338336,0.0,2.6040796738611207,2.0,3.0,2.0,0.5899452448369794,1.0,2.0,1.0,2.0,1.0,1.0,0.0,0.0,1.0,62.0,173.0,0.0,1.0,2.0,0.4331652239732795,0.41457946374420984,0.14216784843756458,844.0,0.0,0.0,0.0,0.0,0.0,2.0,0.0,0.0,0.0,1,synthetic,synthetic_malicious_250
17.0,4.0,0.0,1.0,0.2582362904802734,0.0,2.7455243353973273,3.0,3.0,1.0,0.6118536097615588,2.0,3.0,1.0,3.0,1.0,0.0,0.0,0.0,2.0,129.0,172.0,1.0,1.0,1.0,0.16109503004956935,0.44467069095847667,0.06924653789782005,1102.0,1.0,0.0,0.0,0.0,1.0,0.0,1.0,2.0,2.0,1,synthetic,synthetic_malicious_180
33.0,2.0,1.0,0.0,0.38826990906260445,0.0,3.6229142345092016,2.0,2.0,2.0,0.08648362446867477,0.0,2.0,1.0,3.0,1.0,0.0,0.0,0.0,2.0,47.0,106.0,0.0,0.0,1.0,0.5027149113167649,0.6011818722264057,0.1800099903436715,2618.0,0.0,0.0,0.0,0.0,0.0,1.0,1.0,1.0,0.0,1,synthetic,synthetic_malicious_94
25.0,2.0,1.0,1.0,0.11238693711509798,0.0,3.7221795120973082,1.0,3.0,2.0,0.46317303395383735,0.0,1.0,1.0,2.0,1.0,0.0,0.0,0.0,1.0,73.0,271.0,1.0,1.0,3.0,0.3635263667023104,0.46232310462685433,0.2087488492035515,476.0,1.0,0.0,0.0,0.0,0.0,2.0,2.0,2.0,2.0,1,synthetic,synthetic_malicious_145
16.0,2.0,0.0,0.0,0.0011271298069179814,0.0,2.031657396107429,0.0,84.0,3.0,0.0384254564299909,3.0,4.0,8.0,2.0,11.0,1.0,1.0,1.0,4.0,5184.0,3406.0,1.0,1.0,12.0,0.9342097372714409,0.06091224218300222,0.009905709682739662,169218.0,1.0,1.0,1.0,1.0,1.0,2.0,5.0,1.0,18.0,0,synthetic_benign,synthetic_benign_136
7.0,2.0,0.0,0.0,0.028618056640552572,0.0,1.500831837660944,0.0,21.0,3.0,0.0006959601643346969,2.0,2.0,4.0,4.0,6.0,1.0,1.0,1.0,3.0,8998.0,2680.0,1.0,1.0,27.0,0.5507624449240025,0.1608903341110345,0.02832425212518426,115374.0,1.0,1.0,1.0,0.0,1.0,5.0,5.0,1.0,9.0,0,synthetic_benign,synthetic_benign_117
17.0,3.0,0.0,0.0,0.007971273077106189,0.0,1.5941591410433724,0.0,51.0,3.0,0.0206530608666363,1.0,3.0,2.0,7.0,14.0,1.0,1.0,1.0,4.0,4620.0,2156.0,1.0,3.0,9.0,0.6922485728091394,0.032001736122740425,0.046534049563166896,268734.0,1.0,1.0,0.0,1.0,1.0,3.0,4.0,0.0,9.0,0,synthetic_benign,synthetic_benign_138
44.0,2.0,0.0,1.0,0.1945567915817315,1.0,3.940619998700592,2.0,2.0,1.0,0.4684543078051183,2.0,1.0,0.0,3.0,2.0,0.0,0.0,0.0,1.0,20.0,243.0,0.0,1.0,3.0,0.39360419409012304,0.42749907433001044,0.20107795994717156,2171.0,1.0,0.0,0.0,0.0,1.0,2.0,1.0,2.0,0.0,1,synthetic,synthetic_malicious_196
17.0,3.0,0.0,0.0,0.0026775548776992067,0.0,2.909041038831909,0.0,98.0,0.0,0.028260693015419776,3.0,4.0,4.0,8.0,14.0,1.0,1.0,1.0,4.0,1734.0,1684.0,1.0,2.0,49.0,0.6238064630106122,0.11869553282983863,0.01729290459665995,333580.0,1.0,1.0,1.0,1.0,1.0,3.0,1.0,0.0,19.0,0,synthetic_benign,synthetic_benign_86
16.0,4.0,0.0,1.0,0.2194600284853373,1.0,2.9674809115191563,0.0,2.0,2.0,0.7707797502647202,2.0,1.0,0.0,3.0,2.0,0.0,0.0,0.0,1.0,161.0,286.0,0.0,0.0,3.0,0.3702198773075219,0.2840941659436511,0.07354844556198036,3471.0,0.0,0.0,1.0,0.0,0.0,2.0,1.0,2.0,1.0,1,synthetic,synthetic_malicious_209
16.0,3.0,0.0,0.0,0.002766359990112233,0.0,2.6803862358058836,0.0,59.0,1.0,0.0368154813490275,1.0,4.0,5.0,5.0,11.0,1.0,1.0,1.0,3.0,5899.0,2313.0,1.0,3.0,28.0,0.9063447101478845,0.07109463444552899,0.04888802504233539,279702.0,1.0,1.0,1.0,1.0,1.0,4.0,5.0,0.0,11.0,0,synthetic_benign,synthetic_benign_74
17.0,5.0,0.0,1.0,0.39848251808997176,1.0,4.173978052478476,2.0,0.0,2.0,0.3424882932673624,0.0,1.0,1.0,2.0,2.0,0.0,0.0,0.0,1.0,105.0,52.0,1.0,1.0,5.0,0.11681027720010892,0.46556086314588835,0.14378080176498706,802.0,0.0,0.0,0.0,1.0,0.0,0.0,0.0,1.0,2.0,1,synthetic,synthetic_malicious_167
32.0,4.0,0.0,1.0,0.1818886716649935,0.0,3.419327064039173,2.0,2.0,2.0,0.6175918273189926,2.0,3.0,1.0,3.0,1.0,0.0,0.0,0.0,1.0,75.0,177.0,0.0,1.0,3.0,0.33990171160103066,0.4802437951181097,0.28034561677740216,2240.0,1.0,0.0,0.0,0.0,0.0,1.0,0.0,1.0,0.0,1,synthetic,synthetic_malicious_51
15.0,2.0,0.0,0.0,0.005459559577118295,0.0,1.8448411326195802,0.0,55.0,2.0,0.04690997430376381,2.0,1.0,3.0,5.0,3.0,1.0,0.0,1.0,4.0,8425.0,3641.0,1.0,1.0,44.0,0.5296223181770429,0.14453342975215358,0.044168866809790305,68321.0,1.0,1.0,0.0,1.0,0.0,1.0,1.0,0.0,12.0,0,synthetic_benign,synthetic_benign_108
16.0,3.0,1.0,0.0,0.14066916250697387,1.0,3.8567756391306354,2.0,0.0,2.0,0.18775748818951632,0.0,1.0,1.0,1.0,2.0,1.0,0.0,0.0,2.0,17.0,358.0,0.0,1.0,2.0,0.11234730082206626,0.5034833699023888,0.10808608383309642,3343.0,0.0,0.0,0.0,0.0,1.0,1.0,0.0,1.0,1.0,1,synthetic,synthetic_malicious_299
8.0,3.0,0.0,0.0,0.02237436634545159,0.0,1.9644530881509317,0.0,31.0,1.0,0.039564660736551516,1.0,3.0,4.0,5.0,6.0,1.0,0.0,1.0,3.0,9001.0,2700.0,1.0,1.0,16.0,0.6363195244123325,0.026170167012078374,0.007800432746683223,83460.0,1.0,1.0,0.0,1.0,1.0,2.0,2.0,1.0,14.0,0,synthetic_benign,synthetic_benign_7
43.0,2.0,1.0,0.0,0.15267872158782309,1.0,2.791139591398797,3.0,1.0,0.0,0.14005548405032364,2.0,2.0,0.0,2.0,2.0,0.0,0.0,0.0,2.0,169.0,34.0,0.0,1.0,3.0,0.4388054428495397,0.2789878110358935,0.13251893508114432,2830.0,0.0,0.0,0.0,0.0,0.0,1.0,0.0,1.0,3.0,1,synthetic,synthetic_malicious_25
14.0,3.0,0.0,0.0,0.026731806609934395,0.0,2.0769678122725974,0.0,79.0,3.0,0.001989512097448376,2.0,4.0,2.0,7.0,14.0,1.0,0.0,1.0,4.0,7616.0,106.0,1.0,2.0,15.0,0.6991928461291286,0.06999636150286422,0.049034533123558224,239829.0,1.0,1.0,1.0,1.0,0.0,3.0,0.0,0.0,11.0,0,synthetic_benign,synthetic_benign_58
8.0,3.0,0.0,0.0,0.014655880488071683,0.0,1.5920230026075008,0.0,47.0,1.0,0.03882990095429579,3.0,1.0,3.0,3.0,14.0,1.0,0.0,1.0,3.0,2111.0,1644.0,1.0,4.0,47.0,0.7081608066853144,0.16971593718865713,0.043488691235962204,383414.0,1.0,0.0,1.0,0.0,1.0,3.0,1.0,1.0,4.0,0,synthetic_benign,synthetic_benign_93
24.0,5.0,1.0,0.0,0.1154418035363133,1.0,3.5276937055491477,3.0,0.0,1.0,0.2232897970473684,1.0,1.0,0.0,3.0,1.0,1.0,0.0,0.0,1.0,38.0,195.0,0.0,1.0,4.0,0.4949540912087149,0.47508008985998323,0.021864238643716505,2603.0,0.0,0.0,0.0,0.0,0.0,2.0,2.0,1.0,0.0,1,synthetic,synthetic_malicious_107
31.0,3.0,0.0,1.0,0.10266542890110411,0.0,3.1005513495821058,3.0,3.0,1.0,0.688148759783592,0.0,3.0,0.0,2.0,1.0,0.0,0.0,0.0,1.0,102.0,152.0,1.0,0.0,1.0,0.2227933049091874,0.6136144120638838,0.13924791027318464,4586.0,0.0,0.0,0.0,0.0,0.0,0.0,1.0,1.0,1.0,1,synthetic,synthetic_malicious_185
45.0,4.0,1.0,1.0,0.20309736359147984,1.0,3.6865763836063237,0.0,0.0,2.0,0.3059238792973153,2.0,3.0,0.0,2.0,2.0,0.0,0.0,0.0,1.0,75.0,129.0,0.0,0.0,4.0,0.48519579269170654,0.5296288477322044,0.0824894474811033,1177.0,0.0,0.0,0.0,0.0,0.0,2.0,0.0,0.0,1.0,1,synthetic,synthetic_malicious_272
16.0,3.0,0.0,0.0,0.023629662637831585,0.0,2.565654266549095,0.0,89.0,3.0,0.012788843079677165,3.0,4.0,6.0,6.0,4.0,1.0,1.0,1.0,4.0,3549.0,3314.0,1.0,3.0,42.0,0.6558082531616765,0.007347686984086366,0.005557406418386152,66433.0,1.0,1.0,1.0,1.0,1.0,4.0,1.0,0.0,17.0,0,synthetic_benign,synthetic_benign_89
